Name,Colors,Pictures,CareInfo
"
Cotton-terry relaxed-fit hoodie with sporty logo
",,"https://images.hugoboss.com/is/image/boss/hbeu50510166_001_350?$re_fullPageZoom$&qlt=85&fit=crop,1&align=1,1&lastModified=1713255792000&wid=1200&hei=1818, https://images.hugoboss.com/is/image/boss/hbeu50510166_001_340?$re_fullPageZoom$&qlt=85&fit=crop,1&align=1,1&lastModified=1713255792000&wid=1200&hei=1818, https://images.hugoboss.com/is/image/boss/hbeu50510166_001_300?$re_fullPageZoom$&qlt=85&fit=crop,1&align=1,1&lastModified=1713255792000&wid=1200&hei=1818, https://images.hugoboss.com/is/image/boss/hbeu50510166_001_360?$re_fullPageZoom$&qlt=85&fit=crop,1&align=1,1&lastModified=1713255792000&wid=1200&hei=1818, https://images.hugoboss.com/is/image/boss/hbeu50510166_001_100?$re_fullPageZoom$&qlt=85&fit=crop,1&align=1,1&lastModified=1713255792000&wid=1200&hei=1818","30°C mild fine wash, Do Not Bleach, Do Not Tumble Dry, Iron Low Heat, Do not chemical dry clean"
"
Cotton-jersey regular-fit T-shirt with seasonal artwork
",White,"https://images.hugoboss.com/is/image/boss/hbeu50513828_100_360?$re_fullPageZoom$&qlt=85&fit=crop,1&align=1,1&lastModified=1713434868000&wid=1200&hei=1818, https://images.hugoboss.com/is/image/boss/hbeu50513828_100_350?$re_fullPageZoom$&qlt=85&fit=crop,1&align=1,1&lastModified=1713434868000&wid=1200&hei=1818, https://images.hugoboss.com/is/image/boss/hbeu50513828_100_340?$re_fullPageZoom$&qlt=85&fit=crop,1&align=1,1&lastModified=1713434868000&wid=1200&hei=1818, https://images.hugoboss.com/is/image/boss/hbeu50513828_100_300?$re_fullPageZoom$&qlt=85&fit=crop,1&align=1,1&lastModified=1713434868000&wid=1200&hei=1818, https://images.hugoboss.com/is/image/boss/hbeu50513828_100_100?$re_fullPageZoom$&qlt=85&fit=crop,1&align=1,1&lastModified=1713434868000&wid=1200&hei=1818","30°C mild fine wash, Do Not Bleach, Do Not Tumble Dry, Iron Low Heat, Do not chemical dry clean"
"
Regular-fit jacket in nappalan-back suede
",,"https://images.hugoboss.com/is/image/boss/hbeu50514542_246_350?$re_fullPageZoom$&qlt=85&fit=crop,1&align=1,1&lastModified=1713513883000&wid=1200&hei=1818, https://images.hugoboss.com/is/image/boss/hbeu50514542_246_300?$re_fullPageZoom$&qlt=85&fit=crop,1&align=1,1&lastModified=1713513883000&wid=1200&hei=1818, https://images.hugoboss.com/is/image/boss/hbeu50514542_246_360?$re_fullPageZoom$&qlt=85&fit=crop,1&align=1,1&lastModified=1713513883000&wid=1200&hei=1818, https://images.hugoboss.com/is/image/boss/hbeu50514542_246_340?$re_fullPageZoom$&qlt=85&fit=crop,1&align=1,1&lastModified=1713513883000&wid=1200&hei=1818, https://images.hugoboss.com/is/image/boss/hbeu50514542_246_341?$re_fullPageZoom$&qlt=85&fit=crop,1&align=1,1&lastModified=1713513883000&wid=1200&hei=1818, https://images.hugoboss.com/is/image/boss/hbeu50514542_246_100?$re_fullPageZoom$&qlt=85&fit=crop,1&align=1,1&lastModified=1713513883000&wid=1200&hei=1818","Do Not Wash, Do Not Bleach, Do Not Tumble Dry, Do Not Iron, Gentle chemical dry cleaning F"
"
Slim-fit jeans in white stretch denim
",,"https://images.hugoboss.com/is/image/boss/hbeu50522042_100_350?$re_fullPageZoom$&qlt=85&fit=crop,1&align=1,1&lastModified=1713518803000&wid=1200&hei=1818, https://images.hugoboss.com/is/image/boss/hbeu50522042_100_300?$re_fullPageZoom$&qlt=85&fit=crop,1&align=1,1&lastModified=1713518803000&wid=1200&hei=1818, https://images.hugoboss.com/is/image/boss/hbeu50522042_100_360?$re_fullPageZoom$&qlt=85&fit=crop,1&align=1,1&lastModified=1713518803000&wid=1200&hei=1818, https://images.hugoboss.com/is/image/boss/hbeu50522042_100_340?$re_fullPageZoom$&qlt=85&fit=crop,1&align=1,1&lastModified=1713518803000&wid=1200&hei=1818, https://images.hugoboss.com/is/image/boss/hbeu50522042_100_100?$re_fullPageZoom$&qlt=85&fit=crop,1&align=1,1&lastModified=1713518803000&wid=1200&hei=1818, https://images.hugoboss.com/is/image/boss/hbeu50522042_100_240?$re_fullPageZoom$&qlt=85&fit=crop,1&align=1,1&lastModified=1713518803000&wid=1200&hei=1818","30°C mild fine wash, Do Not Bleach, Do Not Tumble Dry, Iron Medium Heat, Do not chemical dry clean"
"
Regular-fit shirt in striped cotton twill
",Light Grey,"https://images.hugoboss.com/is/image/boss/hbeu50508434_213_350?$re_fullPageZoom$&qlt=85&fit=crop,1&align=1,1&lastModified=1713801057000&wid=1200&hei=1818, https://images.hugoboss.com/is/image/boss/hbeu50508434_213_340?$re_fullPageZoom$&qlt=85&fit=crop,1&align=1,1&lastModified=1713801057000&wid=1200&hei=1818, https://images.hugoboss.com/is/image/boss/hbeu50508434_213_300?$re_fullPageZoom$&qlt=85&fit=crop,1&align=1,1&lastModified=1713801057000&wid=1200&hei=1818, https://images.hugoboss.com/is/image/boss/hbeu50508434_213_360?$re_fullPageZoom$&qlt=85&fit=crop,1&align=1,1&lastModified=1713801057000&wid=1200&hei=1818, https://images.hugoboss.com/is/image/boss/hbeu50508434_213_341?$re_fullPageZoom$&qlt=85&fit=crop,1&align=1,1&lastModified=1713801057000&wid=1200&hei=1818, https://images.hugoboss.com/is/image/boss/hbeu50508434_213_100?$re_fullPageZoom$&qlt=85&fit=crop,1&align=1,1&lastModified=1713801057000&wid=1200&hei=1818","40°C coloured wash, Do Not Bleach, Do Not Tumble Dry, Iron Medium Heat, Do not chemical dry clean"
"
Relaxed-fit shirt in stretch-cotton canvas
","Black, Light Blue, White","https://images.hugoboss.com/is/image/boss/hbeu50475668_001_350?$re_fullPageZoom$&qlt=85&fit=crop,1&align=1,1&lastModified=1713255792000&wid=1200&hei=1818, https://images.hugoboss.com/is/image/boss/hbeu50475668_001_340?$re_fullPageZoom$&qlt=85&fit=crop,1&align=1,1&lastModified=1713255792000&wid=1200&hei=1818, https://images.hugoboss.com/is/image/boss/hbeu50475668_001_300?$re_fullPageZoom$&qlt=85&fit=crop,1&align=1,1&lastModified=1713255792000&wid=1200&hei=1818, https://images.hugoboss.com/is/image/boss/hbeu50475668_001_360?$re_fullPageZoom$&qlt=85&fit=crop,1&align=1,1&lastModified=1713255792000&wid=1200&hei=1818, https://images.hugoboss.com/is/image/boss/hbeu50475668_001_341?$re_fullPageZoom$&qlt=85&fit=crop,1&align=1,1&lastModified=1713255792000&wid=1200&hei=1818, https://images.hugoboss.com/is/image/boss/hbeu50475668_001_100?$re_fullPageZoom$&qlt=85&fit=crop,1&align=1,1&lastModified=1713255792000&wid=1200&hei=1818","30°C fine wash, Do Not Bleach, Do Not Tumble Dry, Iron Low Heat, Do not chemical dry clean"
"
Relaxed-fit bomber jacket with sporty logos
",,"https://images.hugoboss.com/is/image/boss/hbeu50510079_001_350?$re_fullPageZoom$&qlt=85&fit=crop,1&align=1,1&lastModified=1713255792000&wid=1200&hei=1818, https://images.hugoboss.com/is/image/boss/hbeu50510079_001_300?$re_fullPageZoom$&qlt=85&fit=crop,1&align=1,1&lastModified=1713255792000&wid=1200&hei=1818, https://images.hugoboss.com/is/image/boss/hbeu50510079_001_360?$re_fullPageZoom$&qlt=85&fit=crop,1&align=1,1&lastModified=1713255792000&wid=1200&hei=1818, https://images.hugoboss.com/is/image/boss/hbeu50510079_001_340?$re_fullPageZoom$&qlt=85&fit=crop,1&align=1,1&lastModified=1713255792000&wid=1200&hei=1818, https://images.hugoboss.com/is/image/boss/hbeu50510079_001_341?$re_fullPageZoom$&qlt=85&fit=crop,1&align=1,1&lastModified=1713255792000&wid=1200&hei=1818, https://images.hugoboss.com/is/image/boss/hbeu50510079_001_100?$re_fullPageZoom$&qlt=85&fit=crop,1&align=1,1&lastModified=1713255792000&wid=1200&hei=1818","Do Not Wash, Do Not Bleach, Do Not Tumble Dry, Do Not Iron, Gentle chemical dry cleaning F"
"
Slim-fit suit in melange virgin wool and silk
",Beige,"https://images.hugoboss.com/is/image/boss/hbeu50514349_271_300?$re_fullPageZoom$&qlt=85&fit=crop,1&align=1,1&lastModified=1713518837000&wid=1200&hei=1818, https://images.hugoboss.com/is/image/boss/hbeu50514349_271_600?$re_fullPageZoom$&qlt=85&fit=crop,1&align=1,1&lastModified=1713518837000&wid=1200&hei=1818, https://images.hugoboss.com/is/image/boss/hbeu50514349_271_350?$re_fullPageZoom$&qlt=85&fit=crop,1&align=1,1&lastModified=1713518837000&wid=1200&hei=1818, https://images.hugoboss.com/is/image/boss/hbeu50514349_271_360?$re_fullPageZoom$&qlt=85&fit=crop,1&align=1,1&lastModified=1713518837000&wid=1200&hei=1818, https://images.hugoboss.com/is/image/boss/hbeu50514349_271_340?$re_fullPageZoom$&qlt=85&fit=crop,1&align=1,1&lastModified=1713518837000&wid=1200&hei=1818, https://images.hugoboss.com/is/image/boss/hbeu50514349_271_341?$re_fullPageZoom$&qlt=85&fit=crop,1&align=1,1&lastModified=1713518837000&wid=1200&hei=1818, https://images.hugoboss.com/is/image/boss/hbeu50514349_271_342?$re_fullPageZoom$&qlt=85&fit=crop,1&align=1,1&lastModified=1713518837000&wid=1200&hei=1818, https://images.hugoboss.com/is/image/boss/hbeu50514349_271_343?$re_fullPageZoom$&qlt=85&fit=crop,1&align=1,1&lastModified=1713518837000&wid=1200&hei=1818, https://images.hugoboss.com/is/image/boss/hbeu50514349_271_170?$re_fullPageZoom$&qlt=85&fit=crop,1&align=1,1&lastModified=1713518837000&wid=1200&hei=1818, https://images.hugoboss.com/is/image/boss/hbeu50514349_271_240?$re_fullPageZoom$&qlt=85&fit=crop,1&align=1,1&lastModified=1713518837000&wid=1200&hei=1818","Do Not Wash, Do Not Bleach, Do Not Tumble Dry, Iron Medium Heat, Gentle chemical dry cleaning P"
"
Slim-fit suit in water-repellent micro-patterned wool
",Light Green,"https://images.hugoboss.com/is/image/boss/hbeu50520436_376_300?$re_fullPageZoom$&qlt=85&fit=crop,1&align=1,1&lastModified=1713518837000&wid=1200&hei=1818, https://images.hugoboss.com/is/image/boss/hbeu50520436_376_600?$re_fullPageZoom$&qlt=85&fit=crop,1&align=1,1&lastModified=1713518837000&wid=1200&hei=1818, https://images.hugoboss.com/is/image/boss/hbeu50520436_376_350?$re_fullPageZoom$&qlt=85&fit=crop,1&align=1,1&lastModified=1713518837000&wid=1200&hei=1818, https://images.hugoboss.com/is/image/boss/hbeu50520436_376_360?$re_fullPageZoom$&qlt=85&fit=crop,1&align=1,1&lastModified=1713518837000&wid=1200&hei=1818, https://images.hugoboss.com/is/image/boss/hbeu50520436_376_340?$re_fullPageZoom$&qlt=85&fit=crop,1&align=1,1&lastModified=1713518837000&wid=1200&hei=1818, https://images.hugoboss.com/is/image/boss/hbeu50520436_376_341?$re_fullPageZoom$&qlt=85&fit=crop,1&align=1,1&lastModified=1713518837000&wid=1200&hei=1818, https://images.hugoboss.com/is/image/boss/hbeu50520436_376_342?$re_fullPageZoom$&qlt=85&fit=crop,1&align=1,1&lastModified=1713518837000&wid=1200&hei=1818, https://images.hugoboss.com/is/image/boss/hbeu50520436_376_343?$re_fullPageZoom$&qlt=85&fit=crop,1&align=1,1&lastModified=1713518837000&wid=1200&hei=1818, https://images.hugoboss.com/is/image/boss/hbeu50520436_376_170?$re_fullPageZoom$&qlt=85&fit=crop,1&align=1,1&lastModified=1713518837000&wid=1200&hei=1818, https://images.hugoboss.com/is/image/boss/hbeu50520436_376_240?$re_fullPageZoom$&qlt=85&fit=crop,1&align=1,1&lastModified=1713518837000&wid=1200&hei=1818","Do Not Wash, Do Not Bleach, Do Not Tumble Dry, Iron Medium Heat, Gentle chemical dry cleaning P"
"
Short-sleeved sweater in Tussah silk
","Light Yellow, Dark Blue, Khaki, White","https://images.hugoboss.com/is/image/boss/hbeu50511981_754_350?$re_fullPageZoom$&qlt=85&fit=crop,1&align=1,1&lastModified=1713801103000&wid=1200&hei=1818, https://images.hugoboss.com/is/image/boss/hbeu50511981_754_340?$re_fullPageZoom$&qlt=85&fit=crop,1&align=1,1&lastModified=1713801103000&wid=1200&hei=1818, https://images.hugoboss.com/is/image/boss/hbeu50511981_754_300?$re_fullPageZoom$&qlt=85&fit=crop,1&align=1,1&lastModified=1713801103000&wid=1200&hei=1818, https://images.hugoboss.com/is/image/boss/hbeu50511981_754_360?$re_fullPageZoom$&qlt=85&fit=crop,1&align=1,1&lastModified=1713801103000&wid=1200&hei=1818, https://images.hugoboss.com/is/image/boss/hbeu50511981_754_100?$re_fullPageZoom$&qlt=85&fit=crop,1&align=1,1&lastModified=1713801103000&wid=1200&hei=1818","Cold, gentle machine wash; reduced spin speed., Do Not Bleach, Do Not Tumble Dry, Iron Medium Heat, Chemical dry cleaning P"
"
Relaxed-fit trousers in herringbone linen and silk
","Light Green, Light Beige, White","https://images.hugoboss.com/is/image/boss/hbeu50514354_344_350?$re_fullPageZoom$&qlt=85&fit=crop,1&align=1,1&lastModified=1713284585000&wid=1200&hei=1818, https://images.hugoboss.com/is/image/boss/hbeu50514354_344_300?$re_fullPageZoom$&qlt=85&fit=crop,1&align=1,1&lastModified=1713284585000&wid=1200&hei=1818, https://images.hugoboss.com/is/image/boss/hbeu50514354_344_360?$re_fullPageZoom$&qlt=85&fit=crop,1&align=1,1&lastModified=1713284585000&wid=1200&hei=1818, https://images.hugoboss.com/is/image/boss/hbeu50514354_344_340?$re_fullPageZoom$&qlt=85&fit=crop,1&align=1,1&lastModified=1713284585000&wid=1200&hei=1818, https://images.hugoboss.com/is/image/boss/hbeu50514354_344_100?$re_fullPageZoom$&qlt=85&fit=crop,1&align=1,1&lastModified=1713284585000&wid=1200&hei=1818, https://images.hugoboss.com/is/image/boss/hbeu50514354_344_240?$re_fullPageZoom$&qlt=85&fit=crop,1&align=1,1&lastModified=1713284585000&wid=1200&hei=1818","Do Not Wash, Do Not Bleach, Do Not Tumble Dry, Iron Medium Heat, Gentle chemical dry cleaning P"
"
Cotton-silk regular-fit T-shirt with mixed structures
","Natural, Dark Blue, Light Green","https://images.hugoboss.com/is/image/boss/hbeu50514002_271_350?$re_fullPageZoom$&qlt=85&fit=crop,1&align=1,1&lastModified=1713255792000&wid=1200&hei=1818, https://images.hugoboss.com/is/image/boss/hbeu50514002_271_340?$re_fullPageZoom$&qlt=85&fit=crop,1&align=1,1&lastModified=1713255792000&wid=1200&hei=1818, https://images.hugoboss.com/is/image/boss/hbeu50514002_271_300?$re_fullPageZoom$&qlt=85&fit=crop,1&align=1,1&lastModified=1713255792000&wid=1200&hei=1818, https://images.hugoboss.com/is/image/boss/hbeu50514002_271_360?$re_fullPageZoom$&qlt=85&fit=crop,1&align=1,1&lastModified=1713255792000&wid=1200&hei=1818, https://images.hugoboss.com/is/image/boss/hbeu50514002_271_100?$re_fullPageZoom$&qlt=85&fit=crop,1&align=1,1&lastModified=1713255792000&wid=1200&hei=1818","Hand Wash Only, Do Not Bleach, Do Not Tumble Dry, Iron Low Heat, Chemical dry cleaning P"
"
Long-length regular-fit button-down shirt in linen
",White,"https://images.hugoboss.com/is/image/boss/hbeu50514768_100_350?$re_fullPageZoom$&qlt=85&fit=crop,1&align=1,1&lastModified=1713801111000&wid=1200&hei=1818, https://images.hugoboss.com/is/image/boss/hbeu50514768_100_340?$re_fullPageZoom$&qlt=85&fit=crop,1&align=1,1&lastModified=1713801111000&wid=1200&hei=1818, https://images.hugoboss.com/is/image/boss/hbeu50514768_100_360?$re_fullPageZoom$&qlt=85&fit=crop,1&align=1,1&lastModified=1713801111000&wid=1200&hei=1818, https://images.hugoboss.com/is/image/boss/hbeu50514768_100_300?$re_fullPageZoom$&qlt=85&fit=crop,1&align=1,1&lastModified=1713801111000&wid=1200&hei=1818, https://images.hugoboss.com/is/image/boss/hbeu50514768_100_341?$re_fullPageZoom$&qlt=85&fit=crop,1&align=1,1&lastModified=1713801111000&wid=1200&hei=1818, https://images.hugoboss.com/is/image/boss/hbeu50514768_100_100?$re_fullPageZoom$&qlt=85&fit=crop,1&align=1,1&lastModified=1713801111000&wid=1200&hei=1818","40°C mild wash, Do Not Bleach, Do Not Tumble Dry, Iron Medium Heat, Chemical dry cleaning P"
"
Slim-fit jacket in wool, silk and linen
",Dark Green,"https://images.hugoboss.com/is/image/boss/hbeu50514412_344_350?$re_fullPageZoom$&qlt=85&fit=crop,1&align=1,1&lastModified=1713255792000&wid=1200&hei=1818, https://images.hugoboss.com/is/image/boss/hbeu50514412_344_300?$re_fullPageZoom$&qlt=85&fit=crop,1&align=1,1&lastModified=1713255792000&wid=1200&hei=1818, https://images.hugoboss.com/is/image/boss/hbeu50514412_344_360?$re_fullPageZoom$&qlt=85&fit=crop,1&align=1,1&lastModified=1713255792000&wid=1200&hei=1818, https://images.hugoboss.com/is/image/boss/hbeu50514412_344_340?$re_fullPageZoom$&qlt=85&fit=crop,1&align=1,1&lastModified=1713255792000&wid=1200&hei=1818, https://images.hugoboss.com/is/image/boss/hbeu50514412_344_341?$re_fullPageZoom$&qlt=85&fit=crop,1&align=1,1&lastModified=1713255792000&wid=1200&hei=1818, https://images.hugoboss.com/is/image/boss/hbeu50514412_344_100?$re_fullPageZoom$&qlt=85&fit=crop,1&align=1,1&lastModified=1713255792000&wid=1200&hei=1818","30°C mild fine wash, Do Not Bleach, Tumble Dry Medium Heat, Iron Medium Heat, Do not chemical dry clean"
"
Water-repellent regular-fit gilet with down filling
","Natural, Dark Blue","https://images.hugoboss.com/is/image/boss/hbeu50504776_271_350?$re_fullPageZoom$&qlt=85&fit=crop,1&align=1,1&lastModified=1713197619000&wid=1200&hei=1818, https://images.hugoboss.com/is/image/boss/hbeu50504776_271_300?$re_fullPageZoom$&qlt=85&fit=crop,1&align=1,1&lastModified=1713197619000&wid=1200&hei=1818, https://images.hugoboss.com/is/image/boss/hbeu50504776_271_360?$re_fullPageZoom$&qlt=85&fit=crop,1&align=1,1&lastModified=1713197619000&wid=1200&hei=1818, https://images.hugoboss.com/is/image/boss/hbeu50504776_271_340?$re_fullPageZoom$&qlt=85&fit=crop,1&align=1,1&lastModified=1713197619000&wid=1200&hei=1818, https://images.hugoboss.com/is/image/boss/hbeu50504776_271_341?$re_fullPageZoom$&qlt=85&fit=crop,1&align=1,1&lastModified=1713197619000&wid=1200&hei=1818, https://images.hugoboss.com/is/image/boss/hbeu50504776_271_100?$re_fullPageZoom$&qlt=85&fit=crop,1&align=1,1&lastModified=1713197619000&wid=1200&hei=1818","Do Not Wash, Do Not Bleach, Do Not Tumble Dry, Do Not Iron, Do not chemical dry clean, Very mild professional wet clean"
"
Slim-fit chinos in easy-iron four-way stretch fabric
","Light Green, Dark Purple, Light Blue, Dark Blue, Beige, Grey, Dark Grey, Black","https://images.hugoboss.com/is/image/boss/hbeu50495497_334_350?$re_fullPageZoom$&qlt=85&fit=crop,1&align=1,1&lastModified=1713196806000&wid=1200&hei=1818, https://images.hugoboss.com/is/image/boss/hbeu50495497_334_300?$re_fullPageZoom$&qlt=85&fit=crop,1&align=1,1&lastModified=1713196806000&wid=1200&hei=1818, https://images.hugoboss.com/is/image/boss/hbeu50495497_334_360?$re_fullPageZoom$&qlt=85&fit=crop,1&align=1,1&lastModified=1713196806000&wid=1200&hei=1818, https://images.hugoboss.com/is/image/boss/hbeu50495497_334_340?$re_fullPageZoom$&qlt=85&fit=crop,1&align=1,1&lastModified=1713196806000&wid=1200&hei=1818, https://images.hugoboss.com/is/image/boss/hbeu50495497_334_100?$re_fullPageZoom$&qlt=85&fit=crop,1&align=1,1&lastModified=1713196806000&wid=1200&hei=1818, https://images.hugoboss.com/is/image/boss/hbeu50495497_334_240?$re_fullPageZoom$&qlt=85&fit=crop,1&align=1,1&lastModified=1713196806000&wid=1200&hei=1818","30°C mild fine wash, Do Not Bleach, Do Not Tumble Dry, Iron Low Heat, Chemical dry cleaning P"
"
Zip-neck slim-fit polo shirt with mesh details
","Beige, Dark Blue, Light Green, Dark Grey","https://images.hugoboss.com/is/image/boss/hbeu50512799_334_350?$re_fullPageZoom$&qlt=85&fit=crop,1&align=1,1&lastModified=1713518536000&wid=1200&hei=1818, https://images.hugoboss.com/is/image/boss/hbeu50512799_334_340?$re_fullPageZoom$&qlt=85&fit=crop,1&align=1,1&lastModified=1713518536000&wid=1200&hei=1818, https://images.hugoboss.com/is/image/boss/hbeu50512799_334_300?$re_fullPageZoom$&qlt=85&fit=crop,1&align=1,1&lastModified=1713518536000&wid=1200&hei=1818, https://images.hugoboss.com/is/image/boss/hbeu50512799_334_360?$re_fullPageZoom$&qlt=85&fit=crop,1&align=1,1&lastModified=1713518536000&wid=1200&hei=1818, https://images.hugoboss.com/is/image/boss/hbeu50512799_334_100?$re_fullPageZoom$&qlt=85&fit=crop,1&align=1,1&lastModified=1713518536000&wid=1200&hei=1818","30°C mild fine wash, Do Not Bleach, Do Not Tumble Dry, Iron Low Heat, Do not chemical dry clean"
"
Interlock-cotton slim-fit polo shirt with mesh logo
","Dark Grey, Light Green, White","https://images.hugoboss.com/is/image/boss/hbeu50512892_016_350?$re_fullPageZoom$&qlt=85&fit=crop,1&align=1,1&lastModified=1713196806000&wid=1200&hei=1818, https://images.hugoboss.com/is/image/boss/hbeu50512892_016_340?$re_fullPageZoom$&qlt=85&fit=crop,1&align=1,1&lastModified=1713196806000&wid=1200&hei=1818, https://images.hugoboss.com/is/image/boss/hbeu50512892_016_300?$re_fullPageZoom$&qlt=85&fit=crop,1&align=1,1&lastModified=1713196806000&wid=1200&hei=1818, https://images.hugoboss.com/is/image/boss/hbeu50512892_016_360?$re_fullPageZoom$&qlt=85&fit=crop,1&align=1,1&lastModified=1713196806000&wid=1200&hei=1818, https://images.hugoboss.com/is/image/boss/hbeu50512892_016_100?$re_fullPageZoom$&qlt=85&fit=crop,1&align=1,1&lastModified=1713196806000&wid=1200&hei=1818","30°C mild fine wash, Do Not Bleach, Do Not Tumble Dry, Iron Low Heat, Do not chemical dry clean"
"
Regular-fit shorts in stretch fabric with logo detail
","Dark Grey, Black","https://images.hugoboss.com/is/image/boss/hbeu50512698_016_350?$re_fullPageZoom$&qlt=85&fit=crop,1&align=1,1&lastModified=1713196806000&wid=1200&hei=1818, https://images.hugoboss.com/is/image/boss/hbeu50512698_016_340?$re_fullPageZoom$&qlt=85&fit=crop,1&align=1,1&lastModified=1713196806000&wid=1200&hei=1818, https://images.hugoboss.com/is/image/boss/hbeu50512698_016_300?$re_fullPageZoom$&qlt=85&fit=crop,1&align=1,1&lastModified=1713196806000&wid=1200&hei=1818, https://images.hugoboss.com/is/image/boss/hbeu50512698_016_360?$re_fullPageZoom$&qlt=85&fit=crop,1&align=1,1&lastModified=1713196806000&wid=1200&hei=1818, https://images.hugoboss.com/is/image/boss/hbeu50512698_016_100?$re_fullPageZoom$&qlt=85&fit=crop,1&align=1,1&lastModified=1713196806000&wid=1200&hei=1818, https://images.hugoboss.com/is/image/boss/hbeu50512698_016_240?$re_fullPageZoom$&qlt=85&fit=crop,1&align=1,1&lastModified=1713196806000&wid=1200&hei=1818","30°C mild fine wash, Do Not Bleach, Do Not Tumble Dry, Iron Low Heat, Do not chemical dry clean"
"
Zip-neck sweater in stretch fabric with contrast logo
",Dark Grey,"https://images.hugoboss.com/is/image/boss/hbeu50509517_016_350?$re_fullPageZoom$&qlt=85&fit=crop,1&align=1,1&lastModified=1713196806000&wid=1200&hei=1818, https://images.hugoboss.com/is/image/boss/hbeu50509517_016_340?$re_fullPageZoom$&qlt=85&fit=crop,1&align=1,1&lastModified=1713196806000&wid=1200&hei=1818, https://images.hugoboss.com/is/image/boss/hbeu50509517_016_300?$re_fullPageZoom$&qlt=85&fit=crop,1&align=1,1&lastModified=1713196806000&wid=1200&hei=1818, https://images.hugoboss.com/is/image/boss/hbeu50509517_016_360?$re_fullPageZoom$&qlt=85&fit=crop,1&align=1,1&lastModified=1713196806000&wid=1200&hei=1818, https://images.hugoboss.com/is/image/boss/hbeu50509517_016_100?$re_fullPageZoom$&qlt=85&fit=crop,1&align=1,1&lastModified=1713196806000&wid=1200&hei=1818","30°C mild fine wash, Do Not Bleach, Do Not Tumble Dry, Iron Low Heat, Do not chemical dry clean"
"
Slim-fit chinos in stretch-cotton gabardine
","Beige, Light Blue, Dark Blue, Black","https://images.hugoboss.com/is/image/boss/hbeu50468314_264_350?$re_fullPageZoom$&qlt=85&fit=crop,1&align=1,1&lastModified=1713255792000&wid=1200&hei=1818, https://images.hugoboss.com/is/image/boss/hbeu50468314_264_300?$re_fullPageZoom$&qlt=85&fit=crop,1&align=1,1&lastModified=1713255792000&wid=1200&hei=1818, https://images.hugoboss.com/is/image/boss/hbeu50468314_264_360?$re_fullPageZoom$&qlt=85&fit=crop,1&align=1,1&lastModified=1713255792000&wid=1200&hei=1818, https://images.hugoboss.com/is/image/boss/hbeu50468314_264_340?$re_fullPageZoom$&qlt=85&fit=crop,1&align=1,1&lastModified=1713255792000&wid=1200&hei=1818, https://images.hugoboss.com/is/image/boss/hbeu50468314_264_100?$re_fullPageZoom$&qlt=85&fit=crop,1&align=1,1&lastModified=1713255792000&wid=1200&hei=1818, https://images.hugoboss.com/is/image/boss/hbeu50468314_264_240?$re_fullPageZoom$&qlt=85&fit=crop,1&align=1,1&lastModified=1713255792000&wid=1200&hei=1818","30°C mild fine wash, Do Not Bleach, Do Not Tumble Dry, Iron Low Heat, Gentle chemical dry cleaning P"
"
Regular-fit shirt in stretch-cotton twill
","Light Blue, White","https://images.hugoboss.com/is/image/boss/hbeu50479948_450_350?$re_fullPageZoom$&qlt=85&fit=crop,1&align=1,1&lastModified=1713196431000&wid=1200&hei=1818, https://images.hugoboss.com/is/image/boss/hbeu50479948_450_340?$re_fullPageZoom$&qlt=85&fit=crop,1&align=1,1&lastModified=1713196431000&wid=1200&hei=1818, https://images.hugoboss.com/is/image/boss/hbeu50479948_450_300?$re_fullPageZoom$&qlt=85&fit=crop,1&align=1,1&lastModified=1713196431000&wid=1200&hei=1818, https://images.hugoboss.com/is/image/boss/hbeu50479948_450_360?$re_fullPageZoom$&qlt=85&fit=crop,1&align=1,1&lastModified=1713196431000&wid=1200&hei=1818, https://images.hugoboss.com/is/image/boss/hbeu50479948_450_341?$re_fullPageZoom$&qlt=85&fit=crop,1&align=1,1&lastModified=1713196431000&wid=1200&hei=1818, https://images.hugoboss.com/is/image/boss/hbeu50479948_450_100?$re_fullPageZoom$&qlt=85&fit=crop,1&align=1,1&lastModified=1713196431000&wid=1200&hei=1818","40°C mild wash, Do Not Bleach, Do Not Tumble Dry, Iron Low Heat, Chemical dry cleaning P"
"
Cotton-blend tracksuit bottoms with 3D-moulded logo
",,"https://images.hugoboss.com/is/image/boss/hbeu50510346_016_350?$re_fullPageZoom$&qlt=85&fit=crop,1&align=1,1&lastModified=1713819606000&wid=1200&hei=1818, https://images.hugoboss.com/is/image/boss/hbeu50510346_016_340?$re_fullPageZoom$&qlt=85&fit=crop,1&align=1,1&lastModified=1713819606000&wid=1200&hei=1818, https://images.hugoboss.com/is/image/boss/hbeu50510346_016_300?$re_fullPageZoom$&qlt=85&fit=crop,1&align=1,1&lastModified=1713819606000&wid=1200&hei=1818, https://images.hugoboss.com/is/image/boss/hbeu50510346_016_360?$re_fullPageZoom$&qlt=85&fit=crop,1&align=1,1&lastModified=1713819606000&wid=1200&hei=1818, https://images.hugoboss.com/is/image/boss/hbeu50510346_016_100?$re_fullPageZoom$&qlt=85&fit=crop,1&align=1,1&lastModified=1713819606000&wid=1200&hei=1818, https://images.hugoboss.com/is/image/boss/hbeu50510346_016_240?$re_fullPageZoom$&qlt=85&fit=crop,1&align=1,1&lastModified=1713819606000&wid=1200&hei=1818","30°C mild fine wash, Do Not Bleach, Do Not Tumble Dry, Iron Low Heat, Do not chemical dry clean"
"
Regular-length logo socks in combed stretch cotton
","Black, Dark Blue, Dark Brown, Dark Grey","https://images.hugoboss.com/is/image/boss/hbeu50469843_001_200?$re_fullPageZoom$&qlt=85&fit=crop,1&align=1,1&lastModified=1713816107000&wid=1200&hei=1818, https://images.hugoboss.com/is/image/boss/hbeu50469843_001_240?$re_fullPageZoom$&qlt=85&fit=crop,1&align=1,1&lastModified=1713816107000&wid=1200&hei=1818, https://images.hugoboss.com/is/image/boss/hbeu50469843_001_250?$re_fullPageZoom$&qlt=85&fit=crop,1&align=1,1&lastModified=1713816107000&wid=1200&hei=1818","40°C coloured wash, Do Not Bleach, Tumble Dry Low Heat, Do Not Iron, Do not chemical dry clean"
"
Slim-fit suit in micro-patterned stretch cloth
","Blue, Beige, Dark Grey","https://images.hugoboss.com/is/image/boss/hbeu50509491_429_300?$re_fullPageZoom$&qlt=85&fit=crop,1&align=1,1&lastModified=1711471992000&wid=1200&hei=1818, https://images.hugoboss.com/is/image/boss/hbeu50509491_429_600?$re_fullPageZoom$&qlt=85&fit=crop,1&align=1,1&lastModified=1711471992000&wid=1200&hei=1818, https://images.hugoboss.com/is/image/boss/hbeu50509491_429_350?$re_fullPageZoom$&qlt=85&fit=crop,1&align=1,1&lastModified=1711471992000&wid=1200&hei=1818, https://images.hugoboss.com/is/image/boss/hbeu50509491_429_360?$re_fullPageZoom$&qlt=85&fit=crop,1&align=1,1&lastModified=1711471992000&wid=1200&hei=1818, https://images.hugoboss.com/is/image/boss/hbeu50509491_429_340?$re_fullPageZoom$&qlt=85&fit=crop,1&align=1,1&lastModified=1711471992000&wid=1200&hei=1818, https://images.hugoboss.com/is/image/boss/hbeu50509491_429_341?$re_fullPageZoom$&qlt=85&fit=crop,1&align=1,1&lastModified=1711471992000&wid=1200&hei=1818, https://images.hugoboss.com/is/image/boss/hbeu50509491_429_342?$re_fullPageZoom$&qlt=85&fit=crop,1&align=1,1&lastModified=1711471992000&wid=1200&hei=1818, https://images.hugoboss.com/is/image/boss/hbeu50509491_429_343?$re_fullPageZoom$&qlt=85&fit=crop,1&align=1,1&lastModified=1711471992000&wid=1200&hei=1818, https://images.hugoboss.com/is/image/boss/hbeu50509491_429_170?$re_fullPageZoom$&qlt=85&fit=crop,1&align=1,1&lastModified=1711471992000&wid=1200&hei=1818, https://images.hugoboss.com/is/image/boss/hbeu50509491_429_240?$re_fullPageZoom$&qlt=85&fit=crop,1&align=1,1&lastModified=1711471992000&wid=1200&hei=1818","Do Not Wash, Do Not Bleach, Do Not Tumble Dry, Iron Low Heat, Gentle chemical dry cleaning P"
"
Three-piece slim-fit suit in patterned stretch wool
",Dark Blue,"https://images.hugoboss.com/is/image/boss/hbeu50509493_404_300?$re_fullPageZoom$&qlt=85&fit=crop,1&align=1,1&lastModified=1713518837000&wid=1200&hei=1818, https://images.hugoboss.com/is/image/boss/hbeu50509493_404_600?$re_fullPageZoom$&qlt=85&fit=crop,1&align=1,1&lastModified=1713518837000&wid=1200&hei=1818, https://images.hugoboss.com/is/image/boss/hbeu50509493_404_350?$re_fullPageZoom$&qlt=85&fit=crop,1&align=1,1&lastModified=1713518837000&wid=1200&hei=1818, https://images.hugoboss.com/is/image/boss/hbeu50509493_404_360?$re_fullPageZoom$&qlt=85&fit=crop,1&align=1,1&lastModified=1713518837000&wid=1200&hei=1818, https://images.hugoboss.com/is/image/boss/hbeu50509493_404_340?$re_fullPageZoom$&qlt=85&fit=crop,1&align=1,1&lastModified=1713518837000&wid=1200&hei=1818, https://images.hugoboss.com/is/image/boss/hbeu50509493_404_341?$re_fullPageZoom$&qlt=85&fit=crop,1&align=1,1&lastModified=1713518837000&wid=1200&hei=1818, https://images.hugoboss.com/is/image/boss/hbeu50509493_404_342?$re_fullPageZoom$&qlt=85&fit=crop,1&align=1,1&lastModified=1713518837000&wid=1200&hei=1818, https://images.hugoboss.com/is/image/boss/hbeu50509493_404_343?$re_fullPageZoom$&qlt=85&fit=crop,1&align=1,1&lastModified=1713518837000&wid=1200&hei=1818, https://images.hugoboss.com/is/image/boss/hbeu50509493_404_170?$re_fullPageZoom$&qlt=85&fit=crop,1&align=1,1&lastModified=1713518837000&wid=1200&hei=1818, https://images.hugoboss.com/is/image/boss/hbeu50509493_404_240?$re_fullPageZoom$&qlt=85&fit=crop,1&align=1,1&lastModified=1713518837000&wid=1200&hei=1818","Do Not Wash, Do Not Bleach, Do Not Tumble Dry, Iron Low Heat, Gentle chemical dry cleaning P"
"
Regular-fit polo shirt in cotton with embroidered logo
","Black, Red, Light Blue, Blue, Dark Blue, Dark Green, Beige, White, Grey","https://images.hugoboss.com/is/image/boss/hbeu50468362_001_350?$re_fullPageZoom$&qlt=85&fit=crop,1&align=1,1&lastModified=1713801083000&wid=1200&hei=1818, https://images.hugoboss.com/is/image/boss/hbeu50468362_001_340?$re_fullPageZoom$&qlt=85&fit=crop,1&align=1,1&lastModified=1713801083000&wid=1200&hei=1818, https://images.hugoboss.com/is/image/boss/hbeu50468362_001_300?$re_fullPageZoom$&qlt=85&fit=crop,1&align=1,1&lastModified=1713801083000&wid=1200&hei=1818, https://images.hugoboss.com/is/image/boss/hbeu50468362_001_360?$re_fullPageZoom$&qlt=85&fit=crop,1&align=1,1&lastModified=1713801083000&wid=1200&hei=1818, https://images.hugoboss.com/is/image/boss/hbeu50468362_001_100?$re_fullPageZoom$&qlt=85&fit=crop,1&align=1,1&lastModified=1713801083000&wid=1200&hei=1818","30°C mild fine wash, Do Not Bleach, Do Not Tumble Dry, Iron Low Heat, Gentle chemical dry cleaning P"
"
Slim-fit trousers in stretch virgin wool
","Dark Blue, Blue, Dark Grey, Black","https://images.hugoboss.com/is/image/boss/hbeu50480009_480_350?$re_fullPageZoom$&qlt=85&fit=crop,1&align=1,1&lastModified=1712664968000&wid=1200&hei=1818, https://images.hugoboss.com/is/image/boss/hbeu50480009_480_300?$re_fullPageZoom$&qlt=85&fit=crop,1&align=1,1&lastModified=1712664968000&wid=1200&hei=1818, https://images.hugoboss.com/is/image/boss/hbeu50480009_480_360?$re_fullPageZoom$&qlt=85&fit=crop,1&align=1,1&lastModified=1712664968000&wid=1200&hei=1818, https://images.hugoboss.com/is/image/boss/hbeu50480009_480_340?$re_fullPageZoom$&qlt=85&fit=crop,1&align=1,1&lastModified=1712664968000&wid=1200&hei=1818, https://images.hugoboss.com/is/image/boss/hbeu50480009_480_100?$re_fullPageZoom$&qlt=85&fit=crop,1&align=1,1&lastModified=1712664968000&wid=1200&hei=1818, https://images.hugoboss.com/is/image/boss/hbeu50480009_480_240?$re_fullPageZoom$&qlt=85&fit=crop,1&align=1,1&lastModified=1712664968000&wid=1200&hei=1818","Do Not Wash, Do Not Bleach, Do Not Tumble Dry, Iron Medium Heat, Gentle chemical dry cleaning P"
"
Regular-fit jeans in dark-blue cashmere-touch denim
",Dark Blue,"https://images.hugoboss.com/is/image/boss/hbeu50473950_415_350?$re_fullPageZoom$&qlt=85&fit=crop,1&align=1,1&lastModified=1713518803000&wid=1200&hei=1818, https://images.hugoboss.com/is/image/boss/hbeu50473950_415_300?$re_fullPageZoom$&qlt=85&fit=crop,1&align=1,1&lastModified=1713518803000&wid=1200&hei=1818, https://images.hugoboss.com/is/image/boss/hbeu50473950_415_360?$re_fullPageZoom$&qlt=85&fit=crop,1&align=1,1&lastModified=1713518803000&wid=1200&hei=1818, https://images.hugoboss.com/is/image/boss/hbeu50473950_415_340?$re_fullPageZoom$&qlt=85&fit=crop,1&align=1,1&lastModified=1713518803000&wid=1200&hei=1818, https://images.hugoboss.com/is/image/boss/hbeu50473950_415_100?$re_fullPageZoom$&qlt=85&fit=crop,1&align=1,1&lastModified=1713518803000&wid=1200&hei=1818, https://images.hugoboss.com/is/image/boss/hbeu50473950_415_240?$re_fullPageZoom$&qlt=85&fit=crop,1&align=1,1&lastModified=1713518803000&wid=1200&hei=1818","30°C mild fine wash, Do Not Bleach, Do Not Tumble Dry, Iron Medium Heat, Do not chemical dry clean"
"
Slim-fit shirt in easy-iron stretch-cotton poplin
","White, Light Blue, Dark Blue, Black","https://images.hugoboss.com/is/image/boss/hbeu50469345_100_350?$re_fullPageZoom$&qlt=85&fit=crop,1&align=1,1&lastModified=1712912199000&wid=1200&hei=1818, https://images.hugoboss.com/is/image/boss/hbeu50469345_100_340?$re_fullPageZoom$&qlt=85&fit=crop,1&align=1,1&lastModified=1712912199000&wid=1200&hei=1818, https://images.hugoboss.com/is/image/boss/hbeu50469345_100_300?$re_fullPageZoom$&qlt=85&fit=crop,1&align=1,1&lastModified=1712912199000&wid=1200&hei=1818, https://images.hugoboss.com/is/image/boss/hbeu50469345_100_360?$re_fullPageZoom$&qlt=85&fit=crop,1&align=1,1&lastModified=1712912199000&wid=1200&hei=1818, https://images.hugoboss.com/is/image/boss/hbeu50469345_100_341?$re_fullPageZoom$&qlt=85&fit=crop,1&align=1,1&lastModified=1712912199000&wid=1200&hei=1818, https://images.hugoboss.com/is/image/boss/hbeu50469345_100_100?$re_fullPageZoom$&qlt=85&fit=crop,1&align=1,1&lastModified=1712912199000&wid=1200&hei=1818","40°C coloured wash, Do Not Bleach, Do Not Tumble Dry, Iron Medium Heat, Chemical dry cleaning P"
"
Cotton-jersey T-shirt with wrap-around logo
","White, Black","https://images.hugoboss.com/is/image/boss/hbeu50509840_100_350?$re_fullPageZoom$&qlt=85&fit=crop,1&align=1,1&lastModified=1713518493000&wid=1200&hei=1818, https://images.hugoboss.com/is/image/boss/hbeu50509840_100_360?$re_fullPageZoom$&qlt=85&fit=crop,1&align=1,1&lastModified=1713518493000&wid=1200&hei=1818, https://images.hugoboss.com/is/image/boss/hbeu50509840_100_340?$re_fullPageZoom$&qlt=85&fit=crop,1&align=1,1&lastModified=1713518493000&wid=1200&hei=1818, https://images.hugoboss.com/is/image/boss/hbeu50509840_100_300?$re_fullPageZoom$&qlt=85&fit=crop,1&align=1,1&lastModified=1713518493000&wid=1200&hei=1818, https://images.hugoboss.com/is/image/boss/hbeu50509840_100_100?$re_fullPageZoom$&qlt=85&fit=crop,1&align=1,1&lastModified=1713518493000&wid=1200&hei=1818","30°C mild fine wash, Do Not Bleach, Do Not Tumble Dry, Iron Low Heat, Do not chemical dry clean"
"
Mercerised-cotton slim-fit polo shirt with contrast stripes
",,"https://images.hugoboss.com/is/image/boss/hbeu50513366_260_350?$re_fullPageZoom$&qlt=85&fit=crop,1&align=1,1&lastModified=1713801118000&wid=1200&hei=1818, https://images.hugoboss.com/is/image/boss/hbeu50513366_260_340?$re_fullPageZoom$&qlt=85&fit=crop,1&align=1,1&lastModified=1713801118000&wid=1200&hei=1818, https://images.hugoboss.com/is/image/boss/hbeu50513366_260_300?$re_fullPageZoom$&qlt=85&fit=crop,1&align=1,1&lastModified=1713801118000&wid=1200&hei=1818, https://images.hugoboss.com/is/image/boss/hbeu50513366_260_360?$re_fullPageZoom$&qlt=85&fit=crop,1&align=1,1&lastModified=1713801118000&wid=1200&hei=1818, https://images.hugoboss.com/is/image/boss/hbeu50513366_260_100?$re_fullPageZoom$&qlt=85&fit=crop,1&align=1,1&lastModified=1713801118000&wid=1200&hei=1818","30°C mild fine wash, Do Not Bleach, Do Not Tumble Dry, Iron Low Heat, Gentle chemical dry cleaning P"
"
Regular-fit suit in micro-patterned cloth
","Dark Blue, Light Blue","https://images.hugoboss.com/is/image/boss/hbeu50521669_412_300?$re_fullPageZoom$&qlt=85&fit=crop,1&align=1,1&lastModified=1713370630000&wid=1200&hei=1818, https://images.hugoboss.com/is/image/boss/hbeu50521669_412_600?$re_fullPageZoom$&qlt=85&fit=crop,1&align=1,1&lastModified=1713370630000&wid=1200&hei=1818, https://images.hugoboss.com/is/image/boss/hbeu50521669_412_350?$re_fullPageZoom$&qlt=85&fit=crop,1&align=1,1&lastModified=1713370630000&wid=1200&hei=1818, https://images.hugoboss.com/is/image/boss/hbeu50521669_412_360?$re_fullPageZoom$&qlt=85&fit=crop,1&align=1,1&lastModified=1713370630000&wid=1200&hei=1818, https://images.hugoboss.com/is/image/boss/hbeu50521669_412_340?$re_fullPageZoom$&qlt=85&fit=crop,1&align=1,1&lastModified=1713370630000&wid=1200&hei=1818, https://images.hugoboss.com/is/image/boss/hbeu50521669_412_341?$re_fullPageZoom$&qlt=85&fit=crop,1&align=1,1&lastModified=1713370630000&wid=1200&hei=1818, https://images.hugoboss.com/is/image/boss/hbeu50521669_412_342?$re_fullPageZoom$&qlt=85&fit=crop,1&align=1,1&lastModified=1713370630000&wid=1200&hei=1818, https://images.hugoboss.com/is/image/boss/hbeu50521669_412_343?$re_fullPageZoom$&qlt=85&fit=crop,1&align=1,1&lastModified=1713370630000&wid=1200&hei=1818, https://images.hugoboss.com/is/image/boss/hbeu50521669_412_170?$re_fullPageZoom$&qlt=85&fit=crop,1&align=1,1&lastModified=1713370630000&wid=1200&hei=1818, https://images.hugoboss.com/is/image/boss/hbeu50521669_412_240?$re_fullPageZoom$&qlt=85&fit=crop,1&align=1,1&lastModified=1713370630000&wid=1200&hei=1818","Do Not Wash, Do Not Bleach, Do Not Tumble Dry, Iron Medium Heat, Gentle chemical dry cleaning P"
"
Slim-fit jacket in all-over patterned jersey
","Blue, Beige","https://images.hugoboss.com/is/image/boss/hbeu50514655_438_350?$re_fullPageZoom$&qlt=85&fit=crop,1&align=1,1&lastModified=1713801058000&wid=1200&hei=1818, https://images.hugoboss.com/is/image/boss/hbeu50514655_438_300?$re_fullPageZoom$&qlt=85&fit=crop,1&align=1,1&lastModified=1713801058000&wid=1200&hei=1818, https://images.hugoboss.com/is/image/boss/hbeu50514655_438_360?$re_fullPageZoom$&qlt=85&fit=crop,1&align=1,1&lastModified=1713801058000&wid=1200&hei=1818, https://images.hugoboss.com/is/image/boss/hbeu50514655_438_340?$re_fullPageZoom$&qlt=85&fit=crop,1&align=1,1&lastModified=1713801058000&wid=1200&hei=1818, https://images.hugoboss.com/is/image/boss/hbeu50514655_438_341?$re_fullPageZoom$&qlt=85&fit=crop,1&align=1,1&lastModified=1713801058000&wid=1200&hei=1818, https://images.hugoboss.com/is/image/boss/hbeu50514655_438_100?$re_fullPageZoom$&qlt=85&fit=crop,1&align=1,1&lastModified=1713801058000&wid=1200&hei=1818","Do Not Wash, Do Not Bleach, Do Not Tumble Dry, Iron Low Heat, Gentle chemical dry cleaning P"
"
Slim-fit jacket in a micro-patterned linen blend
","Blue, Light Green","https://images.hugoboss.com/is/image/boss/hbeu50514618_423_350?$re_fullPageZoom$&qlt=85&fit=crop,1&align=1,1&lastModified=1713523571000&wid=1200&hei=1818, https://images.hugoboss.com/is/image/boss/hbeu50514618_423_300?$re_fullPageZoom$&qlt=85&fit=crop,1&align=1,1&lastModified=1713523571000&wid=1200&hei=1818, https://images.hugoboss.com/is/image/boss/hbeu50514618_423_360?$re_fullPageZoom$&qlt=85&fit=crop,1&align=1,1&lastModified=1713523571000&wid=1200&hei=1818, https://images.hugoboss.com/is/image/boss/hbeu50514618_423_340?$re_fullPageZoom$&qlt=85&fit=crop,1&align=1,1&lastModified=1713523571000&wid=1200&hei=1818, https://images.hugoboss.com/is/image/boss/hbeu50514618_423_341?$re_fullPageZoom$&qlt=85&fit=crop,1&align=1,1&lastModified=1713523571000&wid=1200&hei=1818, https://images.hugoboss.com/is/image/boss/hbeu50514618_423_100?$re_fullPageZoom$&qlt=85&fit=crop,1&align=1,1&lastModified=1713523571000&wid=1200&hei=1818","Do Not Wash, Do Not Bleach, Do Not Tumble Dry, Iron Low Heat, Gentle chemical dry cleaning P"
"
Mercerised-cotton T-shirt with signature-stripe details
","Black, Beige, White","https://images.hugoboss.com/is/image/boss/hbeu50513364_001_350?$re_fullPageZoom$&qlt=85&fit=crop,1&align=1,1&lastModified=1713801117000&wid=1200&hei=1818, https://images.hugoboss.com/is/image/boss/hbeu50513364_001_340?$re_fullPageZoom$&qlt=85&fit=crop,1&align=1,1&lastModified=1713801117000&wid=1200&hei=1818, https://images.hugoboss.com/is/image/boss/hbeu50513364_001_300?$re_fullPageZoom$&qlt=85&fit=crop,1&align=1,1&lastModified=1713801117000&wid=1200&hei=1818, https://images.hugoboss.com/is/image/boss/hbeu50513364_001_360?$re_fullPageZoom$&qlt=85&fit=crop,1&align=1,1&lastModified=1713801117000&wid=1200&hei=1818, https://images.hugoboss.com/is/image/boss/hbeu50513364_001_100?$re_fullPageZoom$&qlt=85&fit=crop,1&align=1,1&lastModified=1713801117000&wid=1200&hei=1818","30°C mild fine wash, Do Not Bleach, Do Not Tumble Dry, Iron Low Heat, Do not chemical dry clean"
"
Two-pack of slim-fit T-shirts in stretch cotton
","White / Black, Light Grey, White, Light Grey, Black","https://images.hugoboss.com/is/image/boss/hbeu50325440_960_100?$re_fullPageZoom$&qlt=85&fit=crop,1&align=1,1&lastModified=1711471914000&wid=1200&hei=1818, https://images.hugoboss.com/is/image/boss/hbeu50325440_960_350?$re_fullPageZoom$&qlt=85&fit=crop,1&align=1,1&lastModified=1711471914000&wid=1200&hei=1818, https://images.hugoboss.com/is/image/boss/hbeu50325440_960_340?$re_fullPageZoom$&qlt=85&fit=crop,1&align=1,1&lastModified=1711471914000&wid=1200&hei=1818, https://images.hugoboss.com/is/image/boss/hbeu50325440_960_300?$re_fullPageZoom$&qlt=85&fit=crop,1&align=1,1&lastModified=1711471914000&wid=1200&hei=1818, https://images.hugoboss.com/is/image/boss/hbeu50325440_960_360?$re_fullPageZoom$&qlt=85&fit=crop,1&align=1,1&lastModified=1711471914000&wid=1200&hei=1818","30°C mild fine wash, Do Not Bleach, Do Not Tumble Dry, Iron Low Heat, Do not chemical dry clean"
"
Regular-fit polo shirt in cotton and linen
","White, Light Blue, Beige","https://images.hugoboss.com/is/image/boss/hbeu50511600_100_350?$re_fullPageZoom$&qlt=85&fit=crop,1&align=1,1&lastModified=1713255792000&wid=1200&hei=1818, https://images.hugoboss.com/is/image/boss/hbeu50511600_100_340?$re_fullPageZoom$&qlt=85&fit=crop,1&align=1,1&lastModified=1713255792000&wid=1200&hei=1818, https://images.hugoboss.com/is/image/boss/hbeu50511600_100_300?$re_fullPageZoom$&qlt=85&fit=crop,1&align=1,1&lastModified=1713255792000&wid=1200&hei=1818, https://images.hugoboss.com/is/image/boss/hbeu50511600_100_360?$re_fullPageZoom$&qlt=85&fit=crop,1&align=1,1&lastModified=1713255792000&wid=1200&hei=1818, https://images.hugoboss.com/is/image/boss/hbeu50511600_100_100?$re_fullPageZoom$&qlt=85&fit=crop,1&align=1,1&lastModified=1713255792000&wid=1200&hei=1818","Cold, gentle machine wash; reduced spin speed., Do Not Bleach, Do Not Tumble Dry, Iron Low Heat, Do not chemical dry clean"
"
Button-down slim-fit shirt in Oxford cotton
","Dark Blue, Light Blue, White","https://images.hugoboss.com/is/image/boss/hbeu50515142_410_350?$re_fullPageZoom$&qlt=85&fit=crop,1&align=1,1&lastModified=1713255792000&wid=1200&hei=1818, https://images.hugoboss.com/is/image/boss/hbeu50515142_410_340?$re_fullPageZoom$&qlt=85&fit=crop,1&align=1,1&lastModified=1713255792000&wid=1200&hei=1818, https://images.hugoboss.com/is/image/boss/hbeu50515142_410_300?$re_fullPageZoom$&qlt=85&fit=crop,1&align=1,1&lastModified=1713255792000&wid=1200&hei=1818, https://images.hugoboss.com/is/image/boss/hbeu50515142_410_360?$re_fullPageZoom$&qlt=85&fit=crop,1&align=1,1&lastModified=1713255792000&wid=1200&hei=1818, https://images.hugoboss.com/is/image/boss/hbeu50515142_410_341?$re_fullPageZoom$&qlt=85&fit=crop,1&align=1,1&lastModified=1713255792000&wid=1200&hei=1818, https://images.hugoboss.com/is/image/boss/hbeu50515142_410_100?$re_fullPageZoom$&qlt=85&fit=crop,1&align=1,1&lastModified=1713255792000&wid=1200&hei=1818","40°C coloured wash, Do Not Bleach, Do Not Tumble Dry, Iron Medium Heat, Chemical dry cleaning P"
"
Horizontal-stripe T-shirt in cotton and linen
","Dark Blue, Light Blue","https://images.hugoboss.com/is/image/boss/hbeu50513401_404_350?$re_fullPageZoom$&qlt=85&fit=crop,1&align=1,1&lastModified=1713255792000&wid=1200&hei=1818, https://images.hugoboss.com/is/image/boss/hbeu50513401_404_340?$re_fullPageZoom$&qlt=85&fit=crop,1&align=1,1&lastModified=1713255792000&wid=1200&hei=1818, https://images.hugoboss.com/is/image/boss/hbeu50513401_404_300?$re_fullPageZoom$&qlt=85&fit=crop,1&align=1,1&lastModified=1713255792000&wid=1200&hei=1818, https://images.hugoboss.com/is/image/boss/hbeu50513401_404_360?$re_fullPageZoom$&qlt=85&fit=crop,1&align=1,1&lastModified=1713255792000&wid=1200&hei=1818, https://images.hugoboss.com/is/image/boss/hbeu50513401_404_100?$re_fullPageZoom$&qlt=85&fit=crop,1&align=1,1&lastModified=1713255792000&wid=1200&hei=1818","Cold, gentle machine wash; reduced spin speed., Do Not Bleach, Do Not Tumble Dry, Iron Low Heat, Do not chemical dry clean"
"
Slim-fit jeans in blue cashmere-touch denim
",Turquoise,"https://images.hugoboss.com/is/image/boss/hbeu50513631_441_350?$re_fullPageZoom$&qlt=85&fit=crop,1&align=1,1&lastModified=1713255792000&wid=1200&hei=1818, https://images.hugoboss.com/is/image/boss/hbeu50513631_441_300?$re_fullPageZoom$&qlt=85&fit=crop,1&align=1,1&lastModified=1713255792000&wid=1200&hei=1818, https://images.hugoboss.com/is/image/boss/hbeu50513631_441_360?$re_fullPageZoom$&qlt=85&fit=crop,1&align=1,1&lastModified=1713255792000&wid=1200&hei=1818, https://images.hugoboss.com/is/image/boss/hbeu50513631_441_340?$re_fullPageZoom$&qlt=85&fit=crop,1&align=1,1&lastModified=1713255792000&wid=1200&hei=1818, https://images.hugoboss.com/is/image/boss/hbeu50513631_441_100?$re_fullPageZoom$&qlt=85&fit=crop,1&align=1,1&lastModified=1713255792000&wid=1200&hei=1818, https://images.hugoboss.com/is/image/boss/hbeu50513631_441_240?$re_fullPageZoom$&qlt=85&fit=crop,1&align=1,1&lastModified=1713255792000&wid=1200&hei=1818","30°C mild fine wash, Do Not Bleach, Do Not Tumble Dry, Iron Medium Heat, Do not chemical dry clean"
"
Regular-fit T-shirt in linen
","Light Blue, White","https://images.hugoboss.com/is/image/boss/hbeu50511612_450_350?$re_fullPageZoom$&qlt=85&fit=crop,1&align=1,1&lastModified=1713801068000&wid=1200&hei=1818, https://images.hugoboss.com/is/image/boss/hbeu50511612_450_340?$re_fullPageZoom$&qlt=85&fit=crop,1&align=1,1&lastModified=1713801068000&wid=1200&hei=1818, https://images.hugoboss.com/is/image/boss/hbeu50511612_450_300?$re_fullPageZoom$&qlt=85&fit=crop,1&align=1,1&lastModified=1713801068000&wid=1200&hei=1818, https://images.hugoboss.com/is/image/boss/hbeu50511612_450_360?$re_fullPageZoom$&qlt=85&fit=crop,1&align=1,1&lastModified=1713801068000&wid=1200&hei=1818, https://images.hugoboss.com/is/image/boss/hbeu50511612_450_100?$re_fullPageZoom$&qlt=85&fit=crop,1&align=1,1&lastModified=1713801068000&wid=1200&hei=1818","Cold, gentle machine wash; reduced spin speed., Do Not Bleach, Do Not Tumble Dry, Iron Low Heat, Do not chemical dry clean"
"
Micro-structured crew-neck sweater in cotton
","Beige, Blue, Blue, Green, Dark Green, Dark Red","https://images.hugoboss.com/is/image/boss/hbeu50506022_260_350?$re_fullPageZoom$&qlt=85&fit=crop,1&align=1,1&lastModified=1713255792000&wid=1200&hei=1818, https://images.hugoboss.com/is/image/boss/hbeu50506022_260_340?$re_fullPageZoom$&qlt=85&fit=crop,1&align=1,1&lastModified=1713255792000&wid=1200&hei=1818, https://images.hugoboss.com/is/image/boss/hbeu50506022_260_300?$re_fullPageZoom$&qlt=85&fit=crop,1&align=1,1&lastModified=1713255792000&wid=1200&hei=1818, https://images.hugoboss.com/is/image/boss/hbeu50506022_260_360?$re_fullPageZoom$&qlt=85&fit=crop,1&align=1,1&lastModified=1713255792000&wid=1200&hei=1818, https://images.hugoboss.com/is/image/boss/hbeu50506022_260_100?$re_fullPageZoom$&qlt=85&fit=crop,1&align=1,1&lastModified=1713255792000&wid=1200&hei=1818","Cold, gentle machine wash; reduced spin speed., Do Not Bleach, Do Not Tumble Dry, Iron Medium Heat, Chemical dry cleaning P"
"
Slim-fit trousers in a cotton blend
","Light Blue, Dark Red, Dark Blue, Light Beige, Dark Grey, Black","https://images.hugoboss.com/is/image/boss/hbeu50487754_450_350?$re_fullPageZoom$&qlt=85&fit=crop,1&align=1,1&lastModified=1713255792000&wid=1200&hei=1818, https://images.hugoboss.com/is/image/boss/hbeu50487754_450_300?$re_fullPageZoom$&qlt=85&fit=crop,1&align=1,1&lastModified=1713255792000&wid=1200&hei=1818, https://images.hugoboss.com/is/image/boss/hbeu50487754_450_360?$re_fullPageZoom$&qlt=85&fit=crop,1&align=1,1&lastModified=1713255792000&wid=1200&hei=1818, https://images.hugoboss.com/is/image/boss/hbeu50487754_450_340?$re_fullPageZoom$&qlt=85&fit=crop,1&align=1,1&lastModified=1713255792000&wid=1200&hei=1818, https://images.hugoboss.com/is/image/boss/hbeu50487754_450_100?$re_fullPageZoom$&qlt=85&fit=crop,1&align=1,1&lastModified=1713255792000&wid=1200&hei=1818, https://images.hugoboss.com/is/image/boss/hbeu50487754_450_240?$re_fullPageZoom$&qlt=85&fit=crop,1&align=1,1&lastModified=1713255792000&wid=1200&hei=1818","30°C mild fine wash, Do Not Bleach, Do Not Tumble Dry, Iron Low Heat, Gentle chemical dry cleaning P"
"
Slim-fit shirt in striped easy-iron stretch cotton
","Light Blue, Light Purple","https://images.hugoboss.com/is/image/boss/hbeu50512663_450_350?$re_fullPageZoom$&qlt=85&fit=crop,1&align=1,1&lastModified=1713255792000&wid=1200&hei=1818, https://images.hugoboss.com/is/image/boss/hbeu50512663_450_340?$re_fullPageZoom$&qlt=85&fit=crop,1&align=1,1&lastModified=1713255792000&wid=1200&hei=1818, https://images.hugoboss.com/is/image/boss/hbeu50512663_450_300?$re_fullPageZoom$&qlt=85&fit=crop,1&align=1,1&lastModified=1713255792000&wid=1200&hei=1818, https://images.hugoboss.com/is/image/boss/hbeu50512663_450_360?$re_fullPageZoom$&qlt=85&fit=crop,1&align=1,1&lastModified=1713255792000&wid=1200&hei=1818, https://images.hugoboss.com/is/image/boss/hbeu50512663_450_341?$re_fullPageZoom$&qlt=85&fit=crop,1&align=1,1&lastModified=1713255792000&wid=1200&hei=1818, https://images.hugoboss.com/is/image/boss/hbeu50512663_450_100?$re_fullPageZoom$&qlt=85&fit=crop,1&align=1,1&lastModified=1713255792000&wid=1200&hei=1818","40°C coloured wash, Do Not Bleach, Do Not Tumble Dry, Iron Medium Heat, Chemical dry cleaning P"
"
Slim-fit single-breasted jacket in a linen blend
","Beige, Dark Brown","https://images.hugoboss.com/is/image/boss/hbeu50514612_255_350?$re_fullPageZoom$&qlt=85&fit=crop,1&align=1,1&lastModified=1713801106000&wid=1200&hei=1818, https://images.hugoboss.com/is/image/boss/hbeu50514612_255_300?$re_fullPageZoom$&qlt=85&fit=crop,1&align=1,1&lastModified=1713801106000&wid=1200&hei=1818, https://images.hugoboss.com/is/image/boss/hbeu50514612_255_360?$re_fullPageZoom$&qlt=85&fit=crop,1&align=1,1&lastModified=1713801106000&wid=1200&hei=1818, https://images.hugoboss.com/is/image/boss/hbeu50514612_255_340?$re_fullPageZoom$&qlt=85&fit=crop,1&align=1,1&lastModified=1713801106000&wid=1200&hei=1818, https://images.hugoboss.com/is/image/boss/hbeu50514612_255_341?$re_fullPageZoom$&qlt=85&fit=crop,1&align=1,1&lastModified=1713801106000&wid=1200&hei=1818, https://images.hugoboss.com/is/image/boss/hbeu50514612_255_100?$re_fullPageZoom$&qlt=85&fit=crop,1&align=1,1&lastModified=1713801106000&wid=1200&hei=1818","Cold, gentle machine wash; reduced spin speed., Do Not Bleach, Do Not Tumble Dry, Iron Low Heat, Gentle chemical dry cleaning P"
"
Regular-fit jeans in grey mechanical-stretch denim
",Grey,"https://images.hugoboss.com/is/image/boss/hbeu50513688_032_350?$re_fullPageZoom$&qlt=85&fit=crop,1&align=1,1&lastModified=1713255792000&wid=1200&hei=1818, https://images.hugoboss.com/is/image/boss/hbeu50513688_032_300?$re_fullPageZoom$&qlt=85&fit=crop,1&align=1,1&lastModified=1713255792000&wid=1200&hei=1818, https://images.hugoboss.com/is/image/boss/hbeu50513688_032_360?$re_fullPageZoom$&qlt=85&fit=crop,1&align=1,1&lastModified=1713255792000&wid=1200&hei=1818, https://images.hugoboss.com/is/image/boss/hbeu50513688_032_340?$re_fullPageZoom$&qlt=85&fit=crop,1&align=1,1&lastModified=1713255792000&wid=1200&hei=1818, https://images.hugoboss.com/is/image/boss/hbeu50513688_032_100?$re_fullPageZoom$&qlt=85&fit=crop,1&align=1,1&lastModified=1713255792000&wid=1200&hei=1818, https://images.hugoboss.com/is/image/boss/hbeu50513688_032_240?$re_fullPageZoom$&qlt=85&fit=crop,1&align=1,1&lastModified=1713255792000&wid=1200&hei=1818","30°C mild fine wash, Do Not Bleach, Do Not Tumble Dry, Iron Medium Heat, Do not chemical dry clean"
"
Slim-fit shirt in printed stretch-cotton poplin
",White,"https://images.hugoboss.com/is/image/boss/hbeu50513526_120_350?$re_fullPageZoom$&qlt=85&fit=crop,1&align=1,1&lastModified=1713255792000&wid=1200&hei=1818, https://images.hugoboss.com/is/image/boss/hbeu50513526_120_340?$re_fullPageZoom$&qlt=85&fit=crop,1&align=1,1&lastModified=1713255792000&wid=1200&hei=1818, https://images.hugoboss.com/is/image/boss/hbeu50513526_120_300?$re_fullPageZoom$&qlt=85&fit=crop,1&align=1,1&lastModified=1713255792000&wid=1200&hei=1818, https://images.hugoboss.com/is/image/boss/hbeu50513526_120_360?$re_fullPageZoom$&qlt=85&fit=crop,1&align=1,1&lastModified=1713255792000&wid=1200&hei=1818, https://images.hugoboss.com/is/image/boss/hbeu50513526_120_341?$re_fullPageZoom$&qlt=85&fit=crop,1&align=1,1&lastModified=1713255792000&wid=1200&hei=1818, https://images.hugoboss.com/is/image/boss/hbeu50513526_120_100?$re_fullPageZoom$&qlt=85&fit=crop,1&align=1,1&lastModified=1713255792000&wid=1200&hei=1818","40°C coloured wash, Do Not Bleach, Do Not Tumble Dry, Iron Medium Heat, Chemical dry cleaning P"
"
Slim-fit jacket in checked cloth with partial lining
",Blue,"https://images.hugoboss.com/is/image/boss/hbeu50515950_423_350?$re_fullPageZoom$&qlt=85&fit=crop,1&align=1,1&lastModified=1713801106000&wid=1200&hei=1818, https://images.hugoboss.com/is/image/boss/hbeu50515950_423_300?$re_fullPageZoom$&qlt=85&fit=crop,1&align=1,1&lastModified=1713801106000&wid=1200&hei=1818, https://images.hugoboss.com/is/image/boss/hbeu50515950_423_360?$re_fullPageZoom$&qlt=85&fit=crop,1&align=1,1&lastModified=1713801106000&wid=1200&hei=1818, https://images.hugoboss.com/is/image/boss/hbeu50515950_423_340?$re_fullPageZoom$&qlt=85&fit=crop,1&align=1,1&lastModified=1713801106000&wid=1200&hei=1818, https://images.hugoboss.com/is/image/boss/hbeu50515950_423_341?$re_fullPageZoom$&qlt=85&fit=crop,1&align=1,1&lastModified=1713801106000&wid=1200&hei=1818, https://images.hugoboss.com/is/image/boss/hbeu50515950_423_100?$re_fullPageZoom$&qlt=85&fit=crop,1&align=1,1&lastModified=1713801106000&wid=1200&hei=1818","Do Not Wash, Do Not Bleach, Do Not Tumble Dry, Iron Medium Heat, Gentle chemical dry cleaning P"
"
Regular-fit jacket in suede with two-way zip
",,"https://images.hugoboss.com/is/image/boss/hbeu50510178_404_350?$re_fullPageZoom$&qlt=85&fit=crop,1&align=1,1&lastModified=1713513883000&wid=1200&hei=1818, https://images.hugoboss.com/is/image/boss/hbeu50510178_404_300?$re_fullPageZoom$&qlt=85&fit=crop,1&align=1,1&lastModified=1713513883000&wid=1200&hei=1818, https://images.hugoboss.com/is/image/boss/hbeu50510178_404_360?$re_fullPageZoom$&qlt=85&fit=crop,1&align=1,1&lastModified=1713513883000&wid=1200&hei=1818, https://images.hugoboss.com/is/image/boss/hbeu50510178_404_340?$re_fullPageZoom$&qlt=85&fit=crop,1&align=1,1&lastModified=1713513883000&wid=1200&hei=1818, https://images.hugoboss.com/is/image/boss/hbeu50510178_404_341?$re_fullPageZoom$&qlt=85&fit=crop,1&align=1,1&lastModified=1713513883000&wid=1200&hei=1818, https://images.hugoboss.com/is/image/boss/hbeu50510178_404_100?$re_fullPageZoom$&qlt=85&fit=crop,1&align=1,1&lastModified=1713513883000&wid=1200&hei=1818","Do Not Wash, Do Not Bleach, Do Not Tumble Dry, Do Not Iron, Gentle chemical dry cleaning F"
"
Slim-fit jeans in blue stretch denim
",Light Blue,"https://images.hugoboss.com/is/image/boss/hbeu50513692_441_350?$re_fullPageZoom$&qlt=85&fit=crop,1&align=1,1&lastModified=1713518803000&wid=1200&hei=1818, https://images.hugoboss.com/is/image/boss/hbeu50513692_441_300?$re_fullPageZoom$&qlt=85&fit=crop,1&align=1,1&lastModified=1713518803000&wid=1200&hei=1818, https://images.hugoboss.com/is/image/boss/hbeu50513692_441_360?$re_fullPageZoom$&qlt=85&fit=crop,1&align=1,1&lastModified=1713518803000&wid=1200&hei=1818, https://images.hugoboss.com/is/image/boss/hbeu50513692_441_340?$re_fullPageZoom$&qlt=85&fit=crop,1&align=1,1&lastModified=1713518803000&wid=1200&hei=1818, https://images.hugoboss.com/is/image/boss/hbeu50513692_441_100?$re_fullPageZoom$&qlt=85&fit=crop,1&align=1,1&lastModified=1713518803000&wid=1200&hei=1818, https://images.hugoboss.com/is/image/boss/hbeu50513692_441_240?$re_fullPageZoom$&qlt=85&fit=crop,1&align=1,1&lastModified=1713518803000&wid=1200&hei=1818","30°C mild fine wash, Do Not Bleach, Do Not Tumble Dry, Iron Medium Heat, Do not chemical dry clean"
"
Regular-fit trousers in structured stretch cotton
",White,"https://images.hugoboss.com/is/image/boss/hbeu50508679_131_350?$re_fullPageZoom$&qlt=85&fit=crop,1&align=1,1&lastModified=1713801055000&wid=1200&hei=1818, https://images.hugoboss.com/is/image/boss/hbeu50508679_131_300?$re_fullPageZoom$&qlt=85&fit=crop,1&align=1,1&lastModified=1713801055000&wid=1200&hei=1818, https://images.hugoboss.com/is/image/boss/hbeu50508679_131_360?$re_fullPageZoom$&qlt=85&fit=crop,1&align=1,1&lastModified=1713801055000&wid=1200&hei=1818, https://images.hugoboss.com/is/image/boss/hbeu50508679_131_340?$re_fullPageZoom$&qlt=85&fit=crop,1&align=1,1&lastModified=1713801055000&wid=1200&hei=1818, https://images.hugoboss.com/is/image/boss/hbeu50508679_131_100?$re_fullPageZoom$&qlt=85&fit=crop,1&align=1,1&lastModified=1713801055000&wid=1200&hei=1818, https://images.hugoboss.com/is/image/boss/hbeu50508679_131_240?$re_fullPageZoom$&qlt=85&fit=crop,1&align=1,1&lastModified=1713801055000&wid=1200&hei=1818","30°C mild fine wash, Do Not Bleach, Do Not Tumble Dry, Iron Low Heat, Gentle chemical dry cleaning P"
"
Zip-neck polo sweater in a linen blend
","Light Beige, light pink, Light Blue, Dark Blue","https://images.hugoboss.com/is/image/boss/hbeu50511750_271_350?$re_fullPageZoom$&qlt=85&fit=crop,1&align=1,1&lastModified=1713513912000&wid=1200&hei=1818, https://images.hugoboss.com/is/image/boss/hbeu50511750_271_340?$re_fullPageZoom$&qlt=85&fit=crop,1&align=1,1&lastModified=1713513912000&wid=1200&hei=1818, https://images.hugoboss.com/is/image/boss/hbeu50511750_271_300?$re_fullPageZoom$&qlt=85&fit=crop,1&align=1,1&lastModified=1713513912000&wid=1200&hei=1818, https://images.hugoboss.com/is/image/boss/hbeu50511750_271_360?$re_fullPageZoom$&qlt=85&fit=crop,1&align=1,1&lastModified=1713513912000&wid=1200&hei=1818, https://images.hugoboss.com/is/image/boss/hbeu50511750_271_100?$re_fullPageZoom$&qlt=85&fit=crop,1&align=1,1&lastModified=1713513912000&wid=1200&hei=1818","Cold, gentle machine wash; reduced spin speed., Do Not Bleach, Do Not Tumble Dry, Iron Medium Heat, Chemical dry cleaning P"
"
Cotton-jersey regular-fit T-shirt with sporty logo
",,"https://images.hugoboss.com/is/image/boss/hbeu50515067_001_350?$re_fullPageZoom$&qlt=85&fit=crop,1&align=1,1&lastModified=1713255792000&wid=1200&hei=1818, https://images.hugoboss.com/is/image/boss/hbeu50515067_001_340?$re_fullPageZoom$&qlt=85&fit=crop,1&align=1,1&lastModified=1713255792000&wid=1200&hei=1818, https://images.hugoboss.com/is/image/boss/hbeu50515067_001_300?$re_fullPageZoom$&qlt=85&fit=crop,1&align=1,1&lastModified=1713255792000&wid=1200&hei=1818, https://images.hugoboss.com/is/image/boss/hbeu50515067_001_360?$re_fullPageZoom$&qlt=85&fit=crop,1&align=1,1&lastModified=1713255792000&wid=1200&hei=1818, https://images.hugoboss.com/is/image/boss/hbeu50515067_001_100?$re_fullPageZoom$&qlt=85&fit=crop,1&align=1,1&lastModified=1713255792000&wid=1200&hei=1818","30°C mild fine wash, Do Not Bleach, Do Not Tumble Dry, Iron Low Heat, Do not chemical dry clean"
"
Short-sleeved cotton-blend sweater with micro structure
","Light Beige, Orange, Light Blue","https://images.hugoboss.com/is/image/boss/hbeu50511762_131_350?$re_fullPageZoom$&qlt=85&fit=crop,1&align=1,1&lastModified=1713801071000&wid=1200&hei=1818, https://images.hugoboss.com/is/image/boss/hbeu50511762_131_340?$re_fullPageZoom$&qlt=85&fit=crop,1&align=1,1&lastModified=1713801071000&wid=1200&hei=1818, https://images.hugoboss.com/is/image/boss/hbeu50511762_131_300?$re_fullPageZoom$&qlt=85&fit=crop,1&align=1,1&lastModified=1713801071000&wid=1200&hei=1818, https://images.hugoboss.com/is/image/boss/hbeu50511762_131_360?$re_fullPageZoom$&qlt=85&fit=crop,1&align=1,1&lastModified=1713801071000&wid=1200&hei=1818, https://images.hugoboss.com/is/image/boss/hbeu50511762_131_100?$re_fullPageZoom$&qlt=85&fit=crop,1&align=1,1&lastModified=1713801071000&wid=1200&hei=1818","Cold, gentle machine wash; reduced spin speed., Do Not Bleach, Do Not Tumble Dry, Iron Medium Heat, Gentle chemical dry cleaning P"
"
Cotton-terry shorts with varsity-style logo
",,"https://images.hugoboss.com/is/image/boss/hbeu50510163_001_350?$re_fullPageZoom$&qlt=85&fit=crop,1&align=1,1&lastModified=1713255792000&wid=1200&hei=1818, https://images.hugoboss.com/is/image/boss/hbeu50510163_001_340?$re_fullPageZoom$&qlt=85&fit=crop,1&align=1,1&lastModified=1713255792000&wid=1200&hei=1818, https://images.hugoboss.com/is/image/boss/hbeu50510163_001_300?$re_fullPageZoom$&qlt=85&fit=crop,1&align=1,1&lastModified=1713255792000&wid=1200&hei=1818, https://images.hugoboss.com/is/image/boss/hbeu50510163_001_360?$re_fullPageZoom$&qlt=85&fit=crop,1&align=1,1&lastModified=1713255792000&wid=1200&hei=1818, https://images.hugoboss.com/is/image/boss/hbeu50510163_001_100?$re_fullPageZoom$&qlt=85&fit=crop,1&align=1,1&lastModified=1713255792000&wid=1200&hei=1818, https://images.hugoboss.com/is/image/boss/hbeu50510163_001_240?$re_fullPageZoom$&qlt=85&fit=crop,1&align=1,1&lastModified=1713255792000&wid=1200&hei=1818","30°C mild fine wash, Do Not Bleach, Do Not Tumble Dry, Iron Low Heat, Do not chemical dry clean"
"
Stretch-cotton shorts with red logo label
",Black,"https://images.hugoboss.com/is/image/boss/hbeu50510438_001_350?$re_fullPageZoom$&qlt=85&fit=crop,1&align=1,1&lastModified=1713255792000&wid=1200&hei=1818, https://images.hugoboss.com/is/image/boss/hbeu50510438_001_300?$re_fullPageZoom$&qlt=85&fit=crop,1&align=1,1&lastModified=1713255792000&wid=1200&hei=1818, https://images.hugoboss.com/is/image/boss/hbeu50510438_001_360?$re_fullPageZoom$&qlt=85&fit=crop,1&align=1,1&lastModified=1713255792000&wid=1200&hei=1818, https://images.hugoboss.com/is/image/boss/hbeu50510438_001_340?$re_fullPageZoom$&qlt=85&fit=crop,1&align=1,1&lastModified=1713255792000&wid=1200&hei=1818, https://images.hugoboss.com/is/image/boss/hbeu50510438_001_100?$re_fullPageZoom$&qlt=85&fit=crop,1&align=1,1&lastModified=1713255792000&wid=1200&hei=1818, https://images.hugoboss.com/is/image/boss/hbeu50510438_001_240?$re_fullPageZoom$&qlt=85&fit=crop,1&align=1,1&lastModified=1713255792000&wid=1200&hei=1818","30°C mild fine wash, Do Not Bleach, Do Not Tumble Dry, Iron Low Heat, Gentle chemical dry cleaning P"
"
Slim-fit suit in patterned stretch cloth
","Dark Blue, Light Beige","https://images.hugoboss.com/is/image/boss/hbeu50521670_412_300?$re_fullPageZoom$&qlt=85&fit=crop,1&align=1,1&lastModified=1713196431000&wid=1200&hei=1818, https://images.hugoboss.com/is/image/boss/hbeu50521670_412_600?$re_fullPageZoom$&qlt=85&fit=crop,1&align=1,1&lastModified=1713196431000&wid=1200&hei=1818, https://images.hugoboss.com/is/image/boss/hbeu50521670_412_350?$re_fullPageZoom$&qlt=85&fit=crop,1&align=1,1&lastModified=1713196431000&wid=1200&hei=1818, https://images.hugoboss.com/is/image/boss/hbeu50521670_412_360?$re_fullPageZoom$&qlt=85&fit=crop,1&align=1,1&lastModified=1713196431000&wid=1200&hei=1818, https://images.hugoboss.com/is/image/boss/hbeu50521670_412_340?$re_fullPageZoom$&qlt=85&fit=crop,1&align=1,1&lastModified=1713196431000&wid=1200&hei=1818, https://images.hugoboss.com/is/image/boss/hbeu50521670_412_341?$re_fullPageZoom$&qlt=85&fit=crop,1&align=1,1&lastModified=1713196431000&wid=1200&hei=1818, https://images.hugoboss.com/is/image/boss/hbeu50521670_412_342?$re_fullPageZoom$&qlt=85&fit=crop,1&align=1,1&lastModified=1713196431000&wid=1200&hei=1818, https://images.hugoboss.com/is/image/boss/hbeu50521670_412_343?$re_fullPageZoom$&qlt=85&fit=crop,1&align=1,1&lastModified=1713196431000&wid=1200&hei=1818, https://images.hugoboss.com/is/image/boss/hbeu50521670_412_170?$re_fullPageZoom$&qlt=85&fit=crop,1&align=1,1&lastModified=1713196431000&wid=1200&hei=1818, https://images.hugoboss.com/is/image/boss/hbeu50521670_412_240?$re_fullPageZoom$&qlt=85&fit=crop,1&align=1,1&lastModified=1713196431000&wid=1200&hei=1818","Do Not Wash, Do Not Bleach, Do Not Tumble Dry, Iron Low Heat, Gentle chemical dry cleaning P"
"
Cotton-jersey relaxed-fit T-shirt with sporty logo
",,"https://images.hugoboss.com/is/image/boss/hbeu50510173_001_350?$re_fullPageZoom$&qlt=85&fit=crop,1&align=1,1&lastModified=1713255792000&wid=1200&hei=1818, https://images.hugoboss.com/is/image/boss/hbeu50510173_001_340?$re_fullPageZoom$&qlt=85&fit=crop,1&align=1,1&lastModified=1713255792000&wid=1200&hei=1818, https://images.hugoboss.com/is/image/boss/hbeu50510173_001_300?$re_fullPageZoom$&qlt=85&fit=crop,1&align=1,1&lastModified=1713255792000&wid=1200&hei=1818, https://images.hugoboss.com/is/image/boss/hbeu50510173_001_360?$re_fullPageZoom$&qlt=85&fit=crop,1&align=1,1&lastModified=1713255792000&wid=1200&hei=1818, https://images.hugoboss.com/is/image/boss/hbeu50510173_001_100?$re_fullPageZoom$&qlt=85&fit=crop,1&align=1,1&lastModified=1713255792000&wid=1200&hei=1818","30°C mild fine wash, Do Not Bleach, Do Not Tumble Dry, Iron Low Heat, Do not chemical dry clean"
"
Slim-fit trousers in wrinkle-resistant mesh
","Dark Blue, Blue","https://images.hugoboss.com/is/image/boss/hbeu50514472_404_350?$re_fullPageZoom$&qlt=85&fit=crop,1&align=1,1&lastModified=1713282103000&wid=1200&hei=1818, https://images.hugoboss.com/is/image/boss/hbeu50514472_404_300?$re_fullPageZoom$&qlt=85&fit=crop,1&align=1,1&lastModified=1713282103000&wid=1200&hei=1818, https://images.hugoboss.com/is/image/boss/hbeu50514472_404_360?$re_fullPageZoom$&qlt=85&fit=crop,1&align=1,1&lastModified=1713282103000&wid=1200&hei=1818, https://images.hugoboss.com/is/image/boss/hbeu50514472_404_340?$re_fullPageZoom$&qlt=85&fit=crop,1&align=1,1&lastModified=1713282103000&wid=1200&hei=1818, https://images.hugoboss.com/is/image/boss/hbeu50514472_404_100?$re_fullPageZoom$&qlt=85&fit=crop,1&align=1,1&lastModified=1713282103000&wid=1200&hei=1818, https://images.hugoboss.com/is/image/boss/hbeu50514472_404_240?$re_fullPageZoom$&qlt=85&fit=crop,1&align=1,1&lastModified=1713282103000&wid=1200&hei=1818","Cold, gentle machine wash; reduced spin speed., Do Not Bleach, Do Not Tumble Dry, Iron Low Heat, Chemical dry cleaning P"
"
Cotton-jersey T-shirt in a regular fit
","White, Dark Blue, Black","https://images.hugoboss.com/is/image/boss/hbeu50468972_100_350?$re_fullPageZoom$&qlt=85&fit=crop,1&align=1,1&lastModified=1713801046000&wid=1200&hei=1818, https://images.hugoboss.com/is/image/boss/hbeu50468972_100_340?$re_fullPageZoom$&qlt=85&fit=crop,1&align=1,1&lastModified=1713801046000&wid=1200&hei=1818, https://images.hugoboss.com/is/image/boss/hbeu50468972_100_300?$re_fullPageZoom$&qlt=85&fit=crop,1&align=1,1&lastModified=1713801046000&wid=1200&hei=1818, https://images.hugoboss.com/is/image/boss/hbeu50468972_100_360?$re_fullPageZoom$&qlt=85&fit=crop,1&align=1,1&lastModified=1713801046000&wid=1200&hei=1818, https://images.hugoboss.com/is/image/boss/hbeu50468972_100_100?$re_fullPageZoom$&qlt=85&fit=crop,1&align=1,1&lastModified=1713801046000&wid=1200&hei=1818","30°C mild fine wash, Do Not Bleach, Do Not Tumble Dry, Iron Low Heat, Gentle chemical dry cleaning P"
"
Slim-fit jacket in wrinkle-resistant mesh
",Dark Blue,"https://images.hugoboss.com/is/image/boss/hbeu50513897_404_350?$re_fullPageZoom$&qlt=85&fit=crop,1&align=1,1&lastModified=1713513883000&wid=1200&hei=1818, https://images.hugoboss.com/is/image/boss/hbeu50513897_404_300?$re_fullPageZoom$&qlt=85&fit=crop,1&align=1,1&lastModified=1713513883000&wid=1200&hei=1818, https://images.hugoboss.com/is/image/boss/hbeu50513897_404_360?$re_fullPageZoom$&qlt=85&fit=crop,1&align=1,1&lastModified=1713513883000&wid=1200&hei=1818, https://images.hugoboss.com/is/image/boss/hbeu50513897_404_340?$re_fullPageZoom$&qlt=85&fit=crop,1&align=1,1&lastModified=1713513883000&wid=1200&hei=1818, https://images.hugoboss.com/is/image/boss/hbeu50513897_404_341?$re_fullPageZoom$&qlt=85&fit=crop,1&align=1,1&lastModified=1713513883000&wid=1200&hei=1818, https://images.hugoboss.com/is/image/boss/hbeu50513897_404_100?$re_fullPageZoom$&qlt=85&fit=crop,1&align=1,1&lastModified=1713513883000&wid=1200&hei=1818","Cold, gentle machine wash; reduced spin speed., Do Not Bleach, Do Not Tumble Dry, Iron Low Heat, Chemical dry cleaning P"
"
Cotton-blend polo sweater with open collar
","Dark Blue, Light Beige","https://images.hugoboss.com/is/image/boss/hbeu50511775_404_350?$re_fullPageZoom$&qlt=85&fit=crop,1&align=1,1&lastModified=1713196352000&wid=1200&hei=1818, https://images.hugoboss.com/is/image/boss/hbeu50511775_404_340?$re_fullPageZoom$&qlt=85&fit=crop,1&align=1,1&lastModified=1713196352000&wid=1200&hei=1818, https://images.hugoboss.com/is/image/boss/hbeu50511775_404_300?$re_fullPageZoom$&qlt=85&fit=crop,1&align=1,1&lastModified=1713196352000&wid=1200&hei=1818, https://images.hugoboss.com/is/image/boss/hbeu50511775_404_360?$re_fullPageZoom$&qlt=85&fit=crop,1&align=1,1&lastModified=1713196352000&wid=1200&hei=1818, https://images.hugoboss.com/is/image/boss/hbeu50511775_404_100?$re_fullPageZoom$&qlt=85&fit=crop,1&align=1,1&lastModified=1713196352000&wid=1200&hei=1818","Cold, gentle machine wash; reduced spin speed., Do Not Bleach, Do Not Tumble Dry, Iron Medium Heat, Gentle chemical dry cleaning P"
"
Slim-fit chinos in stretch-cotton gabardine
","White, Blue, Dark Blue, Green, Light Green, Light Beige, Beige, Brown, Black","https://images.hugoboss.com/is/image/boss/hbeu50487966_100_350?$re_fullPageZoom$&qlt=85&fit=crop,1&align=1,1&lastModified=1713518615000&wid=1200&hei=1818, https://images.hugoboss.com/is/image/boss/hbeu50487966_100_300?$re_fullPageZoom$&qlt=85&fit=crop,1&align=1,1&lastModified=1713518615000&wid=1200&hei=1818, https://images.hugoboss.com/is/image/boss/hbeu50487966_100_360?$re_fullPageZoom$&qlt=85&fit=crop,1&align=1,1&lastModified=1713518615000&wid=1200&hei=1818, https://images.hugoboss.com/is/image/boss/hbeu50487966_100_340?$re_fullPageZoom$&qlt=85&fit=crop,1&align=1,1&lastModified=1713518615000&wid=1200&hei=1818, https://images.hugoboss.com/is/image/boss/hbeu50487966_100_100?$re_fullPageZoom$&qlt=85&fit=crop,1&align=1,1&lastModified=1713518615000&wid=1200&hei=1818, https://images.hugoboss.com/is/image/boss/hbeu50487966_100_240?$re_fullPageZoom$&qlt=85&fit=crop,1&align=1,1&lastModified=1713518615000&wid=1200&hei=1818","30°C mild fine wash, Do Not Bleach, Do Not Tumble Dry, Iron Low Heat, Gentle chemical dry cleaning P"
"
Slim-fit jacket in micro-patterned cotton
",Dark Blue,"https://images.hugoboss.com/is/image/boss/hbeu50514613_404_350?$re_fullPageZoom$&qlt=85&fit=crop,1&align=1,1&lastModified=1713801108000&wid=1200&hei=1818, https://images.hugoboss.com/is/image/boss/hbeu50514613_404_300?$re_fullPageZoom$&qlt=85&fit=crop,1&align=1,1&lastModified=1713801108000&wid=1200&hei=1818, https://images.hugoboss.com/is/image/boss/hbeu50514613_404_360?$re_fullPageZoom$&qlt=85&fit=crop,1&align=1,1&lastModified=1713801108000&wid=1200&hei=1818, https://images.hugoboss.com/is/image/boss/hbeu50514613_404_340?$re_fullPageZoom$&qlt=85&fit=crop,1&align=1,1&lastModified=1713801108000&wid=1200&hei=1818, https://images.hugoboss.com/is/image/boss/hbeu50514613_404_341?$re_fullPageZoom$&qlt=85&fit=crop,1&align=1,1&lastModified=1713801108000&wid=1200&hei=1818, https://images.hugoboss.com/is/image/boss/hbeu50514613_404_100?$re_fullPageZoom$&qlt=85&fit=crop,1&align=1,1&lastModified=1713801108000&wid=1200&hei=1818","Do Not Wash, Do Not Bleach, Do Not Tumble Dry, Iron Low Heat, Gentle chemical dry cleaning P"
"
Water-repellent parka jacket with adjustable length
",Natural,"https://images.hugoboss.com/is/image/boss/hbeu50513929_271_350?$re_fullPageZoom$&qlt=85&fit=crop,1&align=1,1&lastModified=1713801101000&wid=1200&hei=1818, https://images.hugoboss.com/is/image/boss/hbeu50513929_271_300?$re_fullPageZoom$&qlt=85&fit=crop,1&align=1,1&lastModified=1713801101000&wid=1200&hei=1818, https://images.hugoboss.com/is/image/boss/hbeu50513929_271_360?$re_fullPageZoom$&qlt=85&fit=crop,1&align=1,1&lastModified=1713801101000&wid=1200&hei=1818, https://images.hugoboss.com/is/image/boss/hbeu50513929_271_340?$re_fullPageZoom$&qlt=85&fit=crop,1&align=1,1&lastModified=1713801101000&wid=1200&hei=1818, https://images.hugoboss.com/is/image/boss/hbeu50513929_271_341?$re_fullPageZoom$&qlt=85&fit=crop,1&align=1,1&lastModified=1713801101000&wid=1200&hei=1818, https://images.hugoboss.com/is/image/boss/hbeu50513929_271_100?$re_fullPageZoom$&qlt=85&fit=crop,1&align=1,1&lastModified=1713801101000&wid=1200&hei=1818","Do Not Wash, Do Not Bleach, Do Not Tumble Dry, Iron Low Heat, Do not chemical dry clean, Very mild professional wet clean"
"
Slim-fit shorts in stretch-cotton twill
","Black, light pink, Light Blue, Blue, Dark Blue, Light Brown, Light Grey","https://images.hugoboss.com/is/image/boss/hbeu50513026_001_350?$re_fullPageZoom$&qlt=85&fit=crop,1&align=1,1&lastModified=1713462600000&wid=1200&hei=1818, https://images.hugoboss.com/is/image/boss/hbeu50513026_001_300?$re_fullPageZoom$&qlt=85&fit=crop,1&align=1,1&lastModified=1713462600000&wid=1200&hei=1818, https://images.hugoboss.com/is/image/boss/hbeu50513026_001_360?$re_fullPageZoom$&qlt=85&fit=crop,1&align=1,1&lastModified=1713462600000&wid=1200&hei=1818, https://images.hugoboss.com/is/image/boss/hbeu50513026_001_340?$re_fullPageZoom$&qlt=85&fit=crop,1&align=1,1&lastModified=1713462600000&wid=1200&hei=1818, https://images.hugoboss.com/is/image/boss/hbeu50513026_001_100?$re_fullPageZoom$&qlt=85&fit=crop,1&align=1,1&lastModified=1713462600000&wid=1200&hei=1818, https://images.hugoboss.com/is/image/boss/hbeu50513026_001_240?$re_fullPageZoom$&qlt=85&fit=crop,1&align=1,1&lastModified=1713462600000&wid=1200&hei=1818","30°C mild fine wash, Do Not Bleach, Do Not Tumble Dry, Iron Low Heat, Gentle chemical dry cleaning P"
"
Cotton-piqué polo shirt with logo print
",,"https://images.hugoboss.com/is/image/boss/hbeu50507813_695_350?$re_fullPageZoom$&qlt=85&fit=crop,1&align=1,1&lastModified=1713819606000&wid=1200&hei=1818, https://images.hugoboss.com/is/image/boss/hbeu50507813_695_340?$re_fullPageZoom$&qlt=85&fit=crop,1&align=1,1&lastModified=1713819606000&wid=1200&hei=1818, https://images.hugoboss.com/is/image/boss/hbeu50507813_695_300?$re_fullPageZoom$&qlt=85&fit=crop,1&align=1,1&lastModified=1713819606000&wid=1200&hei=1818, https://images.hugoboss.com/is/image/boss/hbeu50507813_695_360?$re_fullPageZoom$&qlt=85&fit=crop,1&align=1,1&lastModified=1713819606000&wid=1200&hei=1818, https://images.hugoboss.com/is/image/boss/hbeu50507813_695_100?$re_fullPageZoom$&qlt=85&fit=crop,1&align=1,1&lastModified=1713819606000&wid=1200&hei=1818","30°C mild fine wash, Do Not Bleach, Do Not Tumble Dry, Iron Low Heat, Do not chemical dry clean"
"
Relaxed-fit T-shirt in pure cotton with logo detail
",,"https://images.hugoboss.com/is/image/boss/hbeu50513121_695_350?$re_fullPageZoom$&qlt=85&fit=crop,1&align=1,1&lastModified=1713196258000&wid=1200&hei=1818, https://images.hugoboss.com/is/image/boss/hbeu50513121_695_340?$re_fullPageZoom$&qlt=85&fit=crop,1&align=1,1&lastModified=1713196258000&wid=1200&hei=1818, https://images.hugoboss.com/is/image/boss/hbeu50513121_695_300?$re_fullPageZoom$&qlt=85&fit=crop,1&align=1,1&lastModified=1713196258000&wid=1200&hei=1818, https://images.hugoboss.com/is/image/boss/hbeu50513121_695_360?$re_fullPageZoom$&qlt=85&fit=crop,1&align=1,1&lastModified=1713196258000&wid=1200&hei=1818, https://images.hugoboss.com/is/image/boss/hbeu50513121_695_100?$re_fullPageZoom$&qlt=85&fit=crop,1&align=1,1&lastModified=1713196258000&wid=1200&hei=1818","30°C mild fine wash, Do Not Bleach, Do Not Tumble Dry, Iron Low Heat, Do not chemical dry clean"
"
Slim-fit jeans in black soft-motion denim
",Dark Grey,"https://images.hugoboss.com/is/image/boss/hbeu50513493_021_100?$re_fullPageZoom$&qlt=85&fit=crop,1&align=1,1&lastModified=1713284583000&wid=1200&hei=1818, https://images.hugoboss.com/is/image/boss/hbeu50513493_021_240?$re_fullPageZoom$&qlt=85&fit=crop,1&align=1,1&lastModified=1713284583000&wid=1200&hei=1818","30°C mild fine wash, Do Not Bleach, Do Not Tumble Dry, Iron Medium Heat, Do not chemical dry clean"
"
Cotton-terry hoodie with contrast logo
","Black, Light Blue, Dark Blue, Light Brown","https://images.hugoboss.com/is/image/boss/hbeu50514530_001_350?$re_fullPageZoom$&qlt=85&fit=crop,1&align=1,1&lastModified=1713197613000&wid=1200&hei=1818, https://images.hugoboss.com/is/image/boss/hbeu50514530_001_340?$re_fullPageZoom$&qlt=85&fit=crop,1&align=1,1&lastModified=1713197613000&wid=1200&hei=1818, https://images.hugoboss.com/is/image/boss/hbeu50514530_001_300?$re_fullPageZoom$&qlt=85&fit=crop,1&align=1,1&lastModified=1713197613000&wid=1200&hei=1818, https://images.hugoboss.com/is/image/boss/hbeu50514530_001_360?$re_fullPageZoom$&qlt=85&fit=crop,1&align=1,1&lastModified=1713197613000&wid=1200&hei=1818, https://images.hugoboss.com/is/image/boss/hbeu50514530_001_100?$re_fullPageZoom$&qlt=85&fit=crop,1&align=1,1&lastModified=1713197613000&wid=1200&hei=1818","30°C mild fine wash, Do Not Bleach, Do Not Tumble Dry, Iron Low Heat, Do not chemical dry clean"
"
Regular-fit T-shirt in cotton with seasonal artwork
","White, Black","https://images.hugoboss.com/is/image/boss/hbeu50515829_101_350?$re_fullPageZoom$&qlt=85&fit=crop,1&align=1,1&lastModified=1713518494000&wid=1200&hei=1818, https://images.hugoboss.com/is/image/boss/hbeu50515829_101_340?$re_fullPageZoom$&qlt=85&fit=crop,1&align=1,1&lastModified=1713518494000&wid=1200&hei=1818, https://images.hugoboss.com/is/image/boss/hbeu50515829_101_300?$re_fullPageZoom$&qlt=85&fit=crop,1&align=1,1&lastModified=1713518494000&wid=1200&hei=1818, https://images.hugoboss.com/is/image/boss/hbeu50515829_101_360?$re_fullPageZoom$&qlt=85&fit=crop,1&align=1,1&lastModified=1713518494000&wid=1200&hei=1818, https://images.hugoboss.com/is/image/boss/hbeu50515829_101_100?$re_fullPageZoom$&qlt=85&fit=crop,1&align=1,1&lastModified=1713518494000&wid=1200&hei=1818","30°C mild fine wash, Do Not Bleach, Do Not Tumble Dry, Iron Low Heat, Do not chemical dry clean"
